value_population,year,territory
-3.7,2019,
-3.4,2019,
-3.2,2019,
-3.1,2019,
-3.0,2019,
-2.7,2019,
-2.5,2019,
-2.2,2019,
-2.1,2019,
-2.2,2019,
-2.1,2019,
-2.2,2019,
-5.2,2019,
-4.7,2019,
-4.3,2019,
-4.2,2019,
-4.1,2019,
-3.8,2019,
-3.5,2019,
-3.3,2019,
-3.2,2019,
-3.2,2019,
-3.2,2019,
-3.3,2019,
-7.6,2019,Белгородская
-6.4,2019,Белгородская
-5.9,2019,Белгородская
-5.7,2019,Белгородская
-5.7,2019,Белгородская
-5.7,2019,Белгородская
-5.4,2019,Белгородская
-5.1,2019,Белгородская
-5.0,2019,Белгородская
-5.0,2019,Белгородская
-4.9,2019,Белгородская
-4.9,2019,Белгородская
-8.2,2019,Брянская
-8.3,2019,Брянская
-7.9,2019,Брянская
-7.8,2019,Брянская
-7.6,2019,Брянская
-7.2,2019,Брянская
-6.9,2019,Брянская
-6.6,2019,Брянская
-6.5,2019,Брянская
-6.3,2019,Брянская
-6.3,2019,Брянская
-6.3,2019,Брянская
-9.2,2019,Владимирская
-8.1,2019,Владимирская
-7.7,2019,Владимирская
-7.7,2019,Владимирская
-7.7,2019,Владимирская
-7.5,2019,Владимирская
-7.3,2019,Владимирская
-7.1,2019,Владимирская
-7.2,2019,Владимирская
-7.2,2019,Владимирская
-7.2,2019,Владимирская
-7.5,2019,Владимирская
-7.3,2019,Воронежская
-7.1,2019,Воронежская
-6.7,2019,Воронежская
-6.7,2019,Воронежская
-6.6,2019,Воронежская
-6.4,2019,Воронежская
-6.1,2019,Воронежская
-5.9,2019,Воронежская
-5.7,2019,Воронежская
-5.6,2019,Воронежская
-5.7,2019,Воронежская
-5.7,2019,Воронежская
-9.2,2019,Ивановская
-9.2,2019,Ивановская
-8.7,2019,Ивановская
-8.7,2019,Ивановская
-8.8,2019,Ивановская
-8.3,2019,Ивановская
-7.9,2019,Ивановская
-7.8,2019,Ивановская
-7.7,2019,Ивановская
-7.8,2019,Ивановская
-7.8,2019,Ивановская
-7.9,2019,Ивановская
-6.1,2019,Калужская
-6.2,2019,Калужская
-6.2,2019,Калужская
-6.4,2019,Калужская
-6.5,2019,Калужская
-6.2,2019,Калужская
-5.8,2019,Калужская
-5.6,2019,Калужская
-5.7,2019,Калужская
-5.6,2019,Калужская
-5.6,2019,Калужская
-5.7,2019,Калужская
-7.5,2019,Костромская
-7.3,2019,Костромская
-6.9,2019,Костромская
-6.4,2019,Костромская
-6.3,2019,Костромская
-6.0,2019,Костромская
-5.8,2019,Костромская
-5.6,2019,Костромская
-5.5,2019,Костромская
-5.6,2019,Костромская
-5.7,2019,Костромская
-5.6,2019,Костромская
-8.5,2019,Курская
-7.8,2019,Курская
-7.5,2019,Курская
-7.8,2019,Курская
-7.8,2019,Курская
-7.4,2019,Курская
-7.1,2019,Курская
-6.8,2019,Курская
-6.7,2019,Курская
-6.6,2019,Курская
-6.6,2019,Курская
-6.5,2019,Курская
-7.1,2019,Липецкая
-7.2,2019,Липецкая
-6.5,2019,Липецкая
-6.5,2019,Липецкая
-6.5,2019,Липецкая
-6.4,2019,Липецкая
-6.1,2019,Липецкая
-5.8,2019,Липецкая
-5.7,2019,Липецкая
-5.6,2019,Липецкая
-5.6,2019,Липецкая
-5.7,2019,Липецкая
-4.3,2019,Московская
-4.0,2019,Московская
-3.7,2019,Московская
-3.6,2019,Московская
-3.5,2019,Московская
-3.2,2019,Московская
-3.0,2019,Московская
-2.7,2019,Московская
-2.5,2019,Московская
-2.5,2019,Московская
-2.3,2019,Московская
-2.4,2019,Московская
-9.8,2019,Орловская
-9.7,2019,Орловская
-8.5,2019,Орловская
-8.2,2019,Орловская
-8.2,2019,Орловская
-8.2,2019,Орловская
-7.8,2019,Орловская
-7.3,2019,Орловская
-7.3,2019,Орловская
-7.3,2019,Орловская
-7.3,2019,Орловская
-7.3,2019,Орловская
-8.9,2019,Рязанская
-8.4,2019,Рязанская
-8.0,2019,Рязанская
-7.7,2019,Рязанская
-7.7,2019,Рязанская
-7.4,2019,Рязанская
-7.1,2019,Рязанская
-6.9,2019,Рязанская
-6.9,2019,Рязанская
-6.9,2019,Рязанская
-7.0,2019,Рязанская
-6.9,2019,Рязанская
-10.1,2019,Смоленская
-9.1,2019,Смоленская
-8.9,2019,Смоленская
-8.8,2019,Смоленская
-8.6,2019,Смоленская
-8.1,2019,Смоленская
-7.8,2019,Смоленская
-7.6,2019,Смоленская
-7.5,2019,Смоленская
-7.6,2019,Смоленская
-7.6,2019,Смоленская
-7.5,2019,Смоленская
-9.5,2019,Тамбовская
-8.7,2019,Тамбовская
-8.1,2019,Тамбовская
-8.2,2019,Тамбовская
-8.3,2019,Тамбовская
-8.1,2019,Тамбовская
-7.7,2019,Тамбовская
-7.5,2019,Тамбовская
-7.4,2019,Тамбовская
-7.4,2019,Тамбовская
-7.4,2019,Тамбовская
-7.4,2019,Тамбовская
-9.8,2019,Тверская
-9.3,2019,Тверская
-8.9,2019,Тверская
-8.9,2019,Тверская
-8.7,2019,Тверская
-8.2,2019,Тверская
-8.0,2019,Тверская
-7.8,2019,Тверская
-7.8,2019,Тверская
-7.7,2019,Тверская
-7.7,2019,Тверская
-7.7,2019,Тверская
-10.3,2019,Тульская
-9.5,2019,Тульская
-9.2,2019,Тульская
-9.1,2019,Тульская
-9.1,2019,Тульская
-8.6,2019,Тульская
-8.4,2019,Тульская
-8.3,2019,Тульская
-8.2,2019,Тульская
-8.1,2019,Тульская
-8.2,2019,Тульская
-8.3,2019,Тульская
-7.3,2019,Ярославская
-6.8,2019,Ярославская
-6.4,2019,Ярославская
-6.2,2019,Ярославская
-6.2,2019,Ярославская
-6.0,2019,Ярославская
-5.8,2019,Ярославская
-5.6,2019,Ярославская
-5.7,2019,Ярославская
-5.7,2019,Ярославская
-5.7,2019,Ярославская
-5.7,2019,Ярославская
-0.9,2019,Москва
-0.2,2019,Москва
0.2,2019,Москва
0.5,2019,Москва
0.7,2019,Москва
1.0,2019,Москва
1.2,2019,Москва
1.5,2019,Москва
1.4,2019,Москва
1.4,2019,Москва
1.3,2019,Москва
1.2,2019,Москва
-4.6,2019,
-4.1,2019,
-3.9,2019,
-3.8,2019,
-3.6,2019,
-3.3,2019,
-3.1,2019,
-2.9,2019,
-2.9,2019,
-2.8,2019,
-2.7,2019,
-2.8,2019,
-8.2,2019,Карелия
-6.9,2019,Карелия
-6.2,2019,Карелия
-6.0,2019,Карелия
-5.9,2019,Карелия
-5.5,2019,Карелия
-5.5,2019,Карелия
-5.4,2019,Карелия
-5.5,2019,Карелия
-5.4,2019,Карелия
-5.2,2019,Карелия
-5.3,2019,Карелия
-3.9,2019,Коми
-3.7,2019,Коми
-3.7,2019,Коми
-3.2,2019,Коми
-3.0,2019,Коми
-2.7,2019,Коми
-2.6,2019,Коми
-2.4,2019,Коми
-2.4,2019,Коми
-2.4,2019,Коми
-2.3,2019,Коми
-2.3,2019,Коми
4.8,2019,Ненецкий
4.2,2019,Ненецкий
3.5,2019,Ненецкий
4.4,2019,Ненецкий
4.0,2019,Ненецкий
4.5,2019,Ненецкий
4.9,2019,Ненецкий
4.8,2019,Ненецкий
4.9,2019,Ненецкий
5.4,2019,Ненецкий
5.0,2019,Ненецкий
5.0,2019,Ненецкий
-6.9,2019,Архангельская
-6.4,2019,Архангельская
-6.0,2019,Архангельская
-5.6,2019,Архангельская
-5.4,2019,Архангельская
-5.0,2019,Архангельская
-4.8,2019,Архангельская
-4.6,2019,Архангельская
-4.4,2019,Архангельская
-4.5,2019,Архангельская
-4.4,2019,Архангельская
-4.4,2019,Архангельская
-5.2,2019,Вологодская
-5.8,2019,Вологодская
-5.3,2019,Вологодская
-5.1,2019,Вологодская
-4.9,2019,Вологодская
-4.6,2019,Вологодская
-4.5,2019,Вологодская
-4.4,2019,Вологодская
-4.3,2019,Вологодская
-4.3,2019,Вологодская
-4.4,2019,Вологодская
-4.4,2019,Вологодская
-4.4,2019,Калининградская
-4.2,2019,Калининградская
-4.1,2019,Калининградская
-3.9,2019,Калининградская
-3.6,2019,Калининградская
-3.4,2019,Калининградская
-2.9,2019,Калининградская
-2.7,2019,Калининградская
-2.6,2019,Калининградская
-2.5,2019,Калининградская
-2.6,2019,Калининградская
-2.7,2019,Калининградская
-7.1,2019,Ленинградская
-6.3,2019,Ленинградская
-5.8,2019,Ленинградская
-5.6,2019,Ленинградская
-5.7,2019,Ленинградская
-5.4,2019,Ленинградская
-5.3,2019,Ленинградская
-5.3,2019,Ленинградская
-5.3,2019,Ленинградская
-5.4,2019,Ленинградская
-5.4,2019,Ленинградская
-5.4,2019,Ленинградская
-3.8,2019,Мурманская
-3.9,2019,Мурманская
-3.8,2019,Мурманская
-3.6,2019,Мурманская
-3.3,2019,Мурманская
-2.9,2019,Мурманская
-2.8,2019,Мурманская
-2.6,2019,Мурманская
-2.5,2019,Мурманская
-2.3,2019,Мурманская
-2.4,2019,Мурманская
-2.4,2019,Мурманская
-9.6,2019,Новгородская
-8.8,2019,Новгородская
-8.1,2019,Новгородская
-8.4,2019,Новгородская
-8.3,2019,Новгородская
-7.9,2019,Новгородская
-7.7,2019,Новгородская
-7.6,2019,Новгородская
-7.8,2019,Новгородская
-7.7,2019,Новгородская
-7.7,2019,Новгородская
-7.7,2019,Новгородская
-9.8,2019,Псковская
-8.5,2019,Псковская
-8.3,2019,Псковская
-9.4,2019,Псковская
-9.3,2019,Псковская
-9.1,2019,Псковская
-8.8,2019,Псковская
-8.4,2019,Псковская
-8.5,2019,Псковская
-8.4,2019,Псковская
-8.4,2019,Псковская
-8.4,2019,Псковская
-1.8,2019,Санкт-Петербург
-1.5,2019,Санкт-Петербург
-1.4,2019,Санкт-Петербург
-1.3,2019,Санкт-Петербург
-1.0,2019,Санкт-Петербург
-0.6,2019,Санкт-Петербург
-0.3,2019,Санкт-Петербург
-0.1,2019,Санкт-Петербург
-0.2,2019,Санкт-Петербург
-0.1,2019,Санкт-Петербург
0.0,2019,Санкт-Петербург
0.0,2019,Санкт-Петербург
-4.6,2019,
-4.3,2019,
-4.3,2019,
-4.4,2019,
-4.3,2019,
-4.1,2019,
-3.6,2019,
-3.3,2019,
-3.1,2019,
-3.0,2019,
-3.0,2019,
-3.0,2019,
-4.7,2019,Адыгея
-5.4,2019,Адыгея
-5.2,2019,Адыгея
-4.9,2019,Адыгея
-4.9,2019,Адыгея
-4.5,2019,Адыгея
-4.2,2019,Адыгея
-3.8,2019,Адыгея
-3.6,2019,Адыгея
-3.4,2019,Адыгея
-3.3,2019,Адыгея
-3.1,2019,Адыгея
0.4,2019,Калмыкия
-0.1,2019,Калмыкия
-0.1,2019,Калмыкия
-0.6,2019,Калмыкия
-0.5,2019,Калмыкия
-0.1,2019,Калмыкия
0.3,2019,Калмыкия
0.6,2019,Калмыкия
0.6,2019,Калмыкия
0.7,2019,Калмыкия
0.8,2019,Калмыкия
0.9,2019,Калмыкия
-6.0,2019,Крым
-5.5,2019,Крым
-5.8,2019,Крым
-5.7,2019,Крым
-5.6,2019,Крым
-5.3,2019,Крым
-4.8,2019,Крым
-4.4,2019,Крым
-4.1,2019,Крым
-4.1,2019,Крым
-4.0,2019,Крым
-4.0,2019,Крым
-3.2,2019,Краснодарский
-2.6,2019,Краснодарский
-2.5,2019,Краснодарский
-2.8,2019,Краснодарский
-2.8,2019,Краснодарский
-2.6,2019,Краснодарский
-2.2,2019,Краснодарский
-1.8,2019,Краснодарский
-1.6,2019,Краснодарский
-1.5,2019,Краснодарский
-1.5,2019,Краснодарский
-1.6,2019,Краснодарский
-1.6,2019,Астраханская
-1.2,2019,Астраханская
-1.7,2019,Астраханская
-2.2,2019,Астраханская
-1.9,2019,Астраханская
-1.6,2019,Астраханская
-1.3,2019,Астраханская
-1.0,2019,Астраханская
-0.8,2019,Астраханская
-0.5,2019,Астраханская
-0.4,2019,Астраханская
-0.4,2019,Астраханская
-5.5,2019,Волгоградская
-5.3,2019,Волгоградская
-5.6,2019,Волгоградская
-5.6,2019,Волгоградская
-5.6,2019,Волгоградская
-5.5,2019,Волгоградская
-5.2,2019,Волгоградская
-4.9,2019,Волгоградская
-4.7,2019,Волгоградская
-4.6,2019,Волгоградская
-4.7,2019,Волгоградская
-4.7,2019,Волгоградская
-6.3,2019,Ростовская
-6.0,2019,Ростовская
-5.9,2019,Ростовская
-5.7,2019,Ростовская
-5.6,2019,Ростовская
-5.3,2019,Ростовская
-4.9,2019,Ростовская
-4.6,2019,Ростовская
-4.4,2019,Ростовская
-4.3,2019,Ростовская
-4.3,2019,Ростовская
-4.3,2019,Ростовская
-6.1,2019,Севастополь
-5.0,2019,Севастополь
-4.8,2019,Севастополь
-4.9,2019,Севастополь
-4.9,2019,Севастополь
-4.6,2019,Севастополь
-4.1,2019,Севастополь
-3.9,2019,Севастополь
-3.8,2019,Севастополь
-3.6,2019,Севастополь
-3.5,2019,Севастополь
-3.5,2019,Севастополь
6.5,2019,
5.9,2019,
5.2,2019,
5.1,2019,
5.0,2019,
5.2,2019,
5.4,2019,
5.8,2019,
6.1,2019,
6.2,2019,
6.2,2019,
6.2,2019,
11.4,2019,Дагестан
11.0,2019,Дагестан
10.1,2019,Дагестан
9.8,2019,Дагестан
9.6,2019,Дагестан
9.5,2019,Дагестан
9.6,2019,Дагестан
9.8,2019,Дагестан
9.9,2019,Дагестан
10.1,2019,Дагестан
10.1,2019,Дагестан
10.0,2019,Дагестан
14.6,2019,Ингушетия
13.5,2019,Ингушетия
12.9,2019,Ингушетия
12.9,2019,Ингушетия
12.2,2019,Ингушетия
12.0,2019,Ингушетия
12.6,2019,Ингушетия
12.8,2019,Ингушетия
13.0,2019,Ингушетия
13.2,2019,Ингушетия
13.1,2019,Ингушетия
13.0,2019,Ингушетия
3.1,2019,Кабардино-Балкарская
2.0,2019,Кабардино-Балкарская
1.4,2019,Кабардино-Балкарская
1.7,2019,Кабардино-Балкарская
1.6,2019,Кабардино-Балкарская
1.9,2019,Кабардино-Балкарская
2.5,2019,Кабардино-Балкарская
2.8,2019,Кабардино-Балкарская
3.1,2019,Кабардино-Балкарская
3.3,2019,Кабардино-Балкарская
3.2,2019,Кабардино-Балкарская
3.3,2019,Кабардино-Балкарская
1.4,2019,Карачаево-Черкесская
1.6,2019,Карачаево-Черкесская
0.9,2019,Карачаево-Черкесская
0.9,2019,Карачаево-Черкесская
1.1,2019,Карачаево-Черкесская
1.3,2019,Карачаево-Черкесская
1.5,2019,Карачаево-Черкесская
1.9,2019,Карачаево-Черкесская
2.2,2019,Карачаево-Черкесская
2.3,2019,Карачаево-Черкесская
2.1,2019,Карачаево-Черкесская
2.0,2019,Карачаево-Черкесская
1.9,2019,Северная Осетия - Алания
1.0,2019,Северная Осетия - Алания
0.7,2019,Северная Осетия - Алания
0.6,2019,Северная Осетия - Алания
0.5,2019,Северная Осетия - Алания
0.7,2019,Северная Осетия - Алания
1.4,2019,Северная Осетия - Алания
1.7,2019,Северная Осетия - Алания
1.8,2019,Северная Осетия - Алания
2.0,2019,Северная Осетия - Алания
2.0,2019,Северная Осетия - Алания
2.0,2019,Северная Осетия - Алания
15.9,2019,Чеченская
14.8,2019,Чеченская
13.3,2019,Чеченская
12.9,2019,Чеченская
12.6,2019,Чеченская
12.7,2019,Чеченская
13.5,2019,Чеченская
13.8,2019,Чеченская
14.3,2019,Чеченская
14.8,2019,Чеченская
14.9,2019,Чеченская
14.9,2019,Чеченская
-2.2,2019,Ставропольский
-2.5,2019,Ставропольский
-2.6,2019,Ставропольский
-2.7,2019,Ставропольский
-2.6,2019,Ставропольский
-2.1,2019,Ставропольский
-1.8,2019,Ставропольский
-1.5,2019,Ставропольский
-1.3,2019,Ставропольский
-1.3,2019,Ставропольский
-1.3,2019,Ставропольский
-1.3,2019,Ставропольский
-4.7,2019,
-4.5,2019,
-4.2,2019,
-4.0,2019,
-4.1,2019,
-3.8,2019,
-3.6,2019,
-3.4,2019,
-3.3,2019,
-3.3,2019,
-3.4,2019,
-3.3,2019,
-3.2,2019,Башкортостан
-2.7,2019,Башкортостан
-2.4,2019,Башкортостан
-2.3,2019,Башкортостан
-2.2,2019,Башкортостан
-2.1,2019,Башкортостан
-1.9,2019,Башкортостан
-1.8,2019,Башкортостан
-1.7,2019,Башкортостан
-1.8,2019,Башкортостан
-1.8,2019,Башкортостан
-1.8,2019,Башкортостан
-3.8,2019,Марий Эл
-3.3,2019,Марий Эл
-2.9,2019,Марий Эл
-2.9,2019,Марий Эл
-3.0,2019,Марий Эл
-2.6,2019,Марий Эл
-2.3,2019,Марий Эл
-2.2,2019,Марий Эл
-2.1,2019,Марий Эл
-2.1,2019,Марий Эл
-2.2,2019,Марий Эл
-2.3,2019,Марий Эл
-5.9,2019,Мордовия
-5.8,2019,Мордовия
-6.1,2019,Мордовия
-6.6,2019,Мордовия
-6.4,2019,Мордовия
-6.2,2019,Мордовия
-5.9,2019,Мордовия
-5.8,2019,Мордовия
-5.7,2019,Мордовия
-5.7,2019,Мордовия
-5.7,2019,Мордовия
-5.7,2019,Мордовия
-1.2,2019,Татарстан
-1.2,2019,Татарстан
-0.8,2019,Татарстан
-0.7,2019,Татарстан
-0.6,2019,Татарстан
-0.5,2019,Татарстан
-0.2,2019,Татарстан
0.0,2019,Татарстан
0.0,2019,Татарстан
0.0,2019,Татарстан
0.0,2019,Татарстан
0.0,2019,Татарстан
-3.3,2019,Удмуртская
-2.9,2019,Удмуртская
-2.8,2019,Удмуртская
-2.6,2019,Удмуртская
-2.7,2019,Удмуртская
-2.5,2019,Удмуртская
-2.3,2019,Удмуртская
-2.2,2019,Удмуртская
-2.1,2019,Удмуртская
-2.1,2019,Удмуртская
-2.1,2019,Удмуртская
-2.2,2019,Удмуртская
-3.9,2019,Чувашская
-3.6,2019,Чувашская
-3.6,2019,Чувашская
-3.5,2019,Чувашская
-3.3,2019,Чувашская
-3.2,2019,Чувашская
-3.0,2019,Чувашская
-2.9,2019,Чувашская
-2.8,2019,Чувашская
-3.0,2019,Чувашская
-2.9,2019,Чувашская
-3.0,2019,Чувашская
-4.8,2019,Пермский
-4.8,2019,Пермский
-4.2,2019,Пермский
-3.7,2019,Пермский
-3.6,2019,Пермский
-3.1,2019,Пермский
-2.9,2019,Пермский
-2.9,2019,Пермский
-2.9,2019,Пермский
-2.9,2019,Пермский
-2.9,2019,Пермский
-2.9,2019,Пермский
-7.9,2019,Кировская
-7.2,2019,Кировская
-6.7,2019,Кировская
-6.2,2019,Кировская
-6.2,2019,Кировская
-5.9,2019,Кировская
-5.7,2019,Кировская
-5.5,2019,Кировская
-5.5,2019,Кировская
-5.4,2019,Кировская
-5.5,2019,Кировская
-5.5,2019,Кировская
-6.8,2019,Нижегородская
-6.6,2019,Нижегородская
-6.3,2019,Нижегородская
-6.2,2019,Нижегородская
-6.3,2019,Нижегородская
-6.0,2019,Нижегородская
-5.7,2019,Нижегородская
-5.6,2019,Нижегородская
-5.6,2019,Нижегородская
-5.5,2019,Нижегородская
-5.6,2019,Нижегородская
-5.6,2019,Нижегородская
-3.5,2019,Оренбургская
-4.0,2019,Оренбургская
-4.0,2019,Оренбургская
-3.9,2019,Оренбургская
-3.7,2019,Оренбургская
-3.5,2019,Оренбургская
-3.5,2019,Оренбургская
-3.2,2019,Оренбургская
-3.2,2019,Оренбургская
-3.0,2019,Оренбургская
-3.0,2019,Оренбургская
-3.1,2019,Оренбургская
-6.8,2019,Пензенская
-6.9,2019,Пензенская
-6.7,2019,Пензенская
-6.7,2019,Пензенская
-6.6,2019,Пензенская
-6.6,2019,Пензенская
-6.2,2019,Пензенская
-6.1,2019,Пензенская
-6.0,2019,Пензенская
-6.0,2019,Пензенская
-6.0,2019,Пензенская
-6.1,2019,Пензенская
-5.6,2019,Самарская
-5.4,2019,Самарская
-4.8,2019,Самарская
-4.8,2019,Самарская
-4.8,2019,Самарская
-4.5,2019,Самарская
-4.2,2019,Самарская
-4.0,2019,Самарская
-4.0,2019,Самарская
-3.9,2019,Самарская
-3.9,2019,Самарская
-3.9,2019,Самарская
-7.3,2019,Саратовская
-6.6,2019,Саратовская
-6.4,2019,Саратовская
-6.3,2019,Саратовская
-6.4,2019,Саратовская
-6.1,2019,Саратовская
-5.9,2019,Саратовская
-5.7,2019,Саратовская
-5.5,2019,Саратовская
-5.4,2019,Саратовская
-5.5,2019,Саратовская
-5.4,2019,Саратовская
-7.5,2019,Ульяновская
-6.1,2019,Ульяновская
-5.6,2019,Ульяновская
-6.0,2019,Ульяновская
-6.0,2019,Ульяновская
-5.6,2019,Ульяновская
-5.3,2019,Ульяновская
-5.1,2019,Ульяновская
-5.1,2019,Ульяновская
-5.1,2019,Ульяновская
-5.0,2019,Ульяновская
-5.0,2019,Ульяновская
-2.5,2019,
-2.2,2019,
-1.9,2019,
-1.6,2019,
-1.4,2019,
-1.2,2019,
-0.9,2019,
-0.8,2019,
-0.7,2019,
-0.7,2019,
-0.8,2019,
-0.7,2019,
-7.7,2019,Курганская
-8.3,2019,Курганская
-7.8,2019,Курганская
-7.5,2019,Курганская
-7.4,2019,Курганская
-7.0,2019,Курганская
-6.7,2019,Курганская
-6.4,2019,Курганская
-6.2,2019,Курганская
-6.1,2019,Курганская
-6.1,2019,Курганская
-6.1,2019,Курганская
-4.8,2019,Свердловская
-4.3,2019,Свердловская
-3.9,2019,Свердловская
-3.6,2019,Свердловская
-3.4,2019,Свердловская
-3.1,2019,Свердловская
-2.7,2019,Свердловская
-2.5,2019,Свердловская
-2.6,2019,Свердловская
-2.6,2019,Свердловская
-2.6,2019,Свердловская
-2.7,2019,Свердловская
6.2,2019,Ханты-Мансийский Автономный Округ - Югра
5.7,2019,Ханты-Мансийский Автономный Округ - Югра
5.7,2019,Ханты-Мансийский Автономный Округ - Югра
6.2,2019,Ханты-Мансийский Автономный Округ - Югра
6.2,2019,Ханты-Мансийский Автономный Округ - Югра
6.4,2019,Ханты-Мансийский Автономный Округ - Югра
6.6,2019,Ханты-Мансийский Автономный Округ - Югра
6.6,2019,Ханты-Мансийский Автономный Округ - Югра
6.5,2019,Ханты-Мансийский Автономный Округ - Югра
6.5,2019,Ханты-Мансийский Автономный Округ - Югра
6.4,2019,Ханты-Мансийский Автономный Округ - Югра
6.4,2019,Ханты-Мансийский Автономный Округ - Югра
7.2,2019,Ненецкий
7.2,2019,Ненецкий
7.0,2019,Ненецкий
7.4,2019,Ненецкий
7.6,2019,Ненецкий
7.8,2019,Ненецкий
8.0,2019,Ненецкий
7.9,2019,Ненецкий
7.9,2019,Ненецкий
8.0,2019,Ненецкий
7.9,2019,Ненецкий
7.9,2019,Ненецкий
-0.4,2019,Тюменская
0.3,2019,Тюменская
0.8,2019,Тюменская
1.1,2019,Тюменская
1.4,2019,Тюменская
1.7,2019,Тюменская
1.8,2019,Тюменская
2.0,2019,Тюменская
2.1,2019,Тюменская
2.2,2019,Тюменская
2.2,2019,Тюменская
2.2,2019,Тюменская
-4.8,2019,Челябинская
-4.6,2019,Челябинская
-4.3,2019,Челябинская
-4.0,2019,Челябинская
-3.9,2019,Челябинская
-3.6,2019,Челябинская
-3.6,2019,Челябинская
-3.3,2019,Челябинская
-3.2,2019,Челябинская
-3.3,2019,Челябинская
-3.2,2019,Челябинская
-3.2,2019,Челябинская
-4.2,2019,
-4.0,2019,
-3.5,2019,
-3.3,2019,
-3.2,2019,
-2.9,2019,
-2.8,2019,
-2.5,2019,
-2.5,2019,
-2.4,2019,
-2.5,2019,
-2.5,2019,
2.1,2019,Алтай
2.8,2019,Алтай
3.2,2019,Алтай
2.9,2019,Алтай
3.4,2019,Алтай
3.4,2019,Алтай
3.6,2019,Алтай
3.8,2019,Алтай
3.6,2019,Алтай
3.4,2019,Алтай
3.5,2019,Алтай
3.6,2019,Алтай
12.7,2019,Тыва
12.7,2019,Тыва
11.5,2019,Тыва
11.2,2019,Тыва
10.8,2019,Тыва
10.6,2019,Тыва
10.5,2019,Тыва
10.2,2019,Тыва
10.3,2019,Тыва
10.6,2019,Тыва
10.5,2019,Тыва
10.6,2019,Тыва
-3.4,2019,Хакасия
-3.7,2019,Хакасия
-3.4,2019,Хакасия
-2.9,2019,Хакасия
-3.0,2019,Хакасия
-2.5,2019,Хакасия
-2.1,2019,Хакасия
-2.0,2019,Хакасия
-1.9,2019,Хакасия
-1.8,2019,Хакасия
-1.9,2019,Хакасия
-2.1,2019,Хакасия
-7.4,2019,Алтайский
-6.6,2019,Алтайский
-5.9,2019,Алтайский
-5.8,2019,Алтайский
-5.6,2019,Алтайский
-5.4,2019,Алтайский
-5.3,2019,Алтайский
-5.0,2019,Алтайский
-4.9,2019,Алтайский
-4.9,2019,Алтайский
-5.1,2019,Алтайский
-5.0,2019,Алтайский
-3.4,2019,Красноярский
-3.3,2019,Красноярский
-2.8,2019,Красноярский
-2.4,2019,Красноярский
-2.3,2019,Красноярский
-2.0,2019,Красноярский
-1.7,2019,Красноярский
-1.6,2019,Красноярский
-1.7,2019,Красноярский
-1.7,2019,Красноярский
-1.7,2019,Красноярский
-1.7,2019,Красноярский
-1.6,2019,Иркутская
-1.5,2019,Иркутская
-1.3,2019,Иркутская
-1.9,2019,Иркутская
-1.8,2019,Иркутская
-1.6,2019,Иркутская
-1.4,2019,Иркутская
-1.2,2019,Иркутская
-1.3,2019,Иркутская
-1.3,2019,Иркутская
-1.3,2019,Иркутская
-1.4,2019,Иркутская
-8.5,2019,Кемеровская Область-Кузбасс
-8.0,2019,Кемеровская Область-Кузбасс
-6.7,2019,Кемеровская Область-Кузбасс
-6.2,2019,Кемеровская Область-Кузбасс
-6.2,2019,Кемеровская Область-Кузбасс
-5.9,2019,Кемеровская Область-Кузбасс
-5.7,2019,Кемеровская Область-Кузбасс
-5.4,2019,Кемеровская Область-Кузбасс
-5.3,2019,Кемеровская Область-Кузбасс
-5.2,2019,Кемеровская Область-Кузбасс
-5.2,2019,Кемеровская Область-Кузбасс
-5.2,2019,Кемеровская Область-Кузбасс
-3.8,2019,Новосибирская
-3.7,2019,Новосибирская
-3.2,2019,Новосибирская
-3.0,2019,Новосибирская
-2.8,2019,Новосибирская
-2.4,2019,Новосибирская
-2.3,2019,Новосибирская
-2.1,2019,Новосибирская
-2.0,2019,Новосибирская
-1.9,2019,Новосибирская
-1.9,2019,Новосибирская
-2.0,2019,Новосибирская
-4.3,2019,Омская
-4.3,2019,Омская
-3.9,2019,Омская
-3.6,2019,Омская
-3.6,2019,Омская
-3.3,2019,Омская
-3.2,2019,Омская
-3.0,2019,Омская
-2.9,2019,Омская
-2.9,2019,Омская
-2.8,2019,Омская
-2.8,2019,Омская
-2.7,2019,Томская
-3.1,2019,Томская
-2.7,2019,Томская
-2.5,2019,Томская
-2.3,2019,Томская
-1.9,2019,Томская
-1.7,2019,Томская
-1.5,2019,Томская
-1.5,2019,Томская
-1.5,2019,Томская
-1.5,2019,Томская
-1.5,2019,Томская
-2.9,2019,
-2.6,2019,
-2.3,2019,
-2.0,2019,
-1.9,2019,
-1.7,2019,
-1.4,2019,
-1.2,2019,
-1.1,2019,
-1.1,2019,
-1.1,2019,
-1.1,2019,
-0.2,2019,Бурятия
-0.6,2019,Бурятия
0.2,2019,Бурятия
0.7,2019,Бурятия
1.0,2019,Бурятия
1.0,2019,Бурятия
1.3,2019,Бурятия
1.4,2019,Бурятия
1.7,2019,Бурятия
1.7,2019,Бурятия
1.7,2019,Бурятия
1.6,2019,Бурятия
-1.4,2019,Забайкальский
-1.7,2019,Забайкальский
-1.5,2019,Забайкальский
-1.6,2019,Забайкальский
-1.6,2019,Забайкальский
-1.3,2019,Забайкальский
-1.0,2019,Забайкальский
-0.8,2019,Забайкальский
-0.5,2019,Забайкальский
-0.5,2019,Забайкальский
-0.5,2019,Забайкальский
-0.6,2019,Забайкальский
4.4,2019,Саха /Якутия/
4.7,2019,Саха /Якутия/
4.8,2019,Саха /Якутия/
5.1,2019,Саха /Якутия/
5.0,2019,Саха /Якутия/
4.9,2019,Саха /Якутия/
5.0,2019,Саха /Якутия/
5.1,2019,Саха /Якутия/
5.2,2019,Саха /Якутия/
5.3,2019,Саха /Якутия/
5.4,2019,Саха /Якутия/
5.4,2019,Саха /Якутия/
-3.1,2019,Камчатский
-2.7,2019,Камчатский
-1.8,2019,Камчатский
-1.6,2019,Камчатский
-1.5,2019,Камчатский
-1.4,2019,Камчатский
-0.9,2019,Камчатский
-0.6,2019,Камчатский
-0.5,2019,Камчатский
-0.5,2019,Камчатский
-0.4,2019,Камчатский
-0.5,2019,Камчатский
-5.6,2019,Приморский
-5.4,2019,Приморский
-5.1,2019,Приморский
-4.8,2019,Приморский
-4.7,2019,Приморский
-4.5,2019,Приморский
-4.3,2019,Приморский
-4.1,2019,Приморский
-3.9,2019,Приморский
-3.9,2019,Приморский
-3.9,2019,Приморский
-3.9,2019,Приморский
-5.4,2019,Хабаровский
-4.6,2019,Хабаровский
-3.8,2019,Хабаровский
-3.2,2019,Хабаровский
-3.1,2019,Хабаровский
-2.8,2019,Хабаровский
-2.6,2019,Хабаровский
-2.5,2019,Хабаровский
-2.4,2019,Хабаровский
-2.5,2019,Хабаровский
-2.4,2019,Хабаровский
-2.4,2019,Хабаровский
-5.5,2019,Амурская
-5.3,2019,Амурская
-5.3,2019,Амурская
-5.2,2019,Амурская
-5.1,2019,Амурская
-4.7,2019,Амурская
-4.5,2019,Амурская
-4.1,2019,Амурская
-4.0,2019,Амурская
-4.0,2019,Амурская
-4.0,2019,Амурская
-4.0,2019,Амурская
-1.7,2019,Магаданская
-1.9,2019,Магаданская
-3.1,2019,Магаданская
-3.2,2019,Магаданская
-2.1,2019,Магаданская
-2.2,2019,Магаданская
-2.1,2019,Магаданская
-2.1,2019,Магаданская
-2.3,2019,Магаданская
-2.1,2019,Магаданская
-2.2,2019,Магаданская
-2.2,2019,Магаданская
-3.2,2019,Саха /Якутия/
-2.4,2019,Саха /Якутия/
-2.4,2019,Саха /Якутия/
-2.0,2019,Саха /Якутия/
-1.9,2019,Саха /Якутия/
-1.7,2019,Саха /Якутия/
-1.3,2019,Саха /Якутия/
-0.9,2019,Саха /Якутия/
-0.8,2019,Саха /Якутия/
-0.8,2019,Саха /Якутия/
-0.7,2019,Саха /Якутия/
-0.8,2019,Саха /Якутия/
-7.2,2019,Еврейская
-4.9,2019,Еврейская
-4.9,2019,Еврейская
-4.2,2019,Еврейская
-4.2,2019,Еврейская
-3.5,2019,Еврейская
-3.3,2019,Еврейская
-3.2,2019,Еврейская
-3.2,2019,Еврейская
-3.2,2019,Еврейская
-3.3,2019,Еврейская
-3.7,2019,Еврейская
0.5,2019,Чукотский
0.6,2019,Чукотский
0.9,2019,Чукотский
0.8,2019,Чукотский
1.0,2019,Чукотский
1.0,2019,Чукотский
0.9,2019,Чукотский
1.3,2019,Чукотский
0.8,2019,Чукотский
0.9,2019,Чукотский
1.2,2019,Чукотский
1.4,2019,Чукотский
-3.6,2020,
-4.9,2020,
-6.2,2020,Белгородская
-9.4,2020,Брянская
-9.2,2020,Владимирская
-7.2,2020,Воронежская
-9.2,2020,Ивановская
-5.9,2020,Калужская
-7.5,2020,Костромская
-7.4,2020,Курская
-7.2,2020,Липецкая
-2.9,2020,Московская
-9.6,2020,Орловская
-8.9,2020,Рязанская
-8.5,2020,Смоленская
-8.7,2020,Тамбовская
-10.5,2020,Тверская
-10.3,2020,Тульская
-7.2,2020,Ярославская
-1.2,2020,Москва
-4.2,2020,
-8.2,2020,Карелия
-3.9,2020,Коми
0.3,2020,Ненецкий
-5.6,2020,Архангельская
-5.5,2020,Вологодская
-2.6,2020,Калининградская
-7.0,2020,Ленинградская
-4.9,2020,Мурманская
-9.9,2020,Новгородская
-10.8,2020,Псковская
-1.3,2020,Санкт-Петербург
-4.5,2020,
-4.3,2020,Адыгея
0.6,2020,Калмыкия
-6.1,2020,Крым
-3.1,2020,Краснодарский
-2.5,2020,Астраханская
-6.0,2020,Волгоградская
-5.5,2020,Ростовская
-4.5,2020,Севастополь
5.5,2020,
8.3,2020,Дагестан
14.4,2020,Ингушетия
3.4,2020,Кабардино-Балкарская
1.0,2020,Карачаево-Черкесская
0.6,2020,Северная Осетия - Алания
16.5,2020,Чеченская
-2.1,2020,Ставропольский
-5.1,2020,
-3.2,2020,Башкортостан
-3.2,2020,Марий Эл
-7.5,2020,Мордовия
-2.0,2020,Татарстан
-2.9,2020,Удмуртская
-3.8,2020,Чувашская
-5.0,2020,Пермский
-6.5,2020,Кировская
-7.6,2020,Нижегородская
-4.4,2020,Оренбургская
-7.9,2020,Пензенская
-5.5,2020,Самарская
-8.1,2020,Саратовская
-7.2,2020,Ульяновская
-2.0,2020,
-7.1,2020,Курганская
-4.2,2020,Свердловская
5.1,2020,Ханты-Мансийский Автономный Округ - Югра
8.0,2020,Ненецкий
0.8,2020,Тюменская
-4.6,2020,Челябинская
-4.0,2020,
2.0,2020,Алтай
9.5,2020,Тыва
-4.9,2020,Хакасия
-5.9,2020,Алтайский
-3.1,2020,Красноярский
-3.0,2020,Иркутская
-5.9,2020,Кемеровская Область-Кузбасс
-3.7,2020,Новосибирская
-4.5,2020,Омская
-3.5,2020,Томская
-2.4,2020,
2.0,2020,Бурятия
-1.9,2020,Забайкальский
4.1,2020,Саха /Якутия/
-2.9,2020,Камчатский
-5.7,2020,Приморский
-4.1,2020,Хабаровский
-6.2,2020,Амурская
-4.5,2020,Магаданская
-2.2,2020,Саха /Якутия/
-3.4,2020,Еврейская
1.8,2020,Чукотский
-3.3,2020,
-4.6,2020,
-5.7,2020,Белгородская
-8.0,2020,Брянская
-8.9,2020,Владимирская
-6.7,2020,Воронежская
-8.7,2020,Ивановская
-6.4,2020,Калужская
-6.4,2020,Костромская
-7.4,2020,Курская
-7.1,2020,Липецкая
-2.6,2020,Московская
-8.4,2020,Орловская
-8.0,2020,Рязанская
-8.6,2020,Смоленская
-8.7,2020,Тамбовская
-9.0,2020,Тверская
-9.7,2020,Тульская
-6.7,2020,Ярославская
-0.8,2020,Москва
-4.2,2020,
-7.4,2020,Карелия
-3.4,2020,Коми
2.3,2020,Ненецкий
-5.7,2020,Архангельская
-5.1,2020,Вологодская
-3.2,2020,Калининградская
-6.3,2020,Ленинградская
-3.8,2020,Мурманская
-9.3,2020,Новгородская
-10.0,2020,Псковская
-1.6,2020,Санкт-Петербург
-4.5,2020,
-3.3,2020,Адыгея
0.2,2020,Калмыкия
-6.0,2020,Крым
-3.3,2020,Краснодарский
-2.1,2020,Астраханская
-5.7,2020,Волгоградская
-5.4,2020,Ростовская
-4.6,2020,Севастополь
5.1,2020,
8.5,2020,Дагестан
12.2,2020,Ингушетия
2.1,2020,Кабардино-Балкарская
1.0,2020,Карачаево-Черкесская
0.5,2020,Северная Осетия - Алания
14.5,2020,Чеченская
-2.1,2020,Ставропольский
-4.6,2020,
-2.5,2020,Башкортостан
-3.0,2020,Марий Эл
-6.6,2020,Мордовия
-1.4,2020,Татарстан
-2.9,2020,Удмуртская
-3.9,2020,Чувашская
-4.5,2020,Пермский
-6.9,2020,Кировская
-7.1,2020,Нижегородская
-4.0,2020,Оренбургская
-7.9,2020,Пензенская
-5.4,2020,Самарская
-7.1,2020,Саратовская
-6.7,2020,Ульяновская
-1.8,2020,
-6.8,2020,Курганская
-4.0,2020,Свердловская
5.3,2020,Ханты-Мансийский Автономный Округ - Югра
7.5,2020,Ненецкий
1.0,2020,Тюменская
-3.9,2020,Челябинская
-3.5,2020,
2.8,2020,Алтай
9.8,2020,Тыва
-3.7,2020,Хакасия
-5.3,2020,Алтайский
-2.7,2020,Красноярский
-2.1,2020,Иркутская
-6.1,2020,Кемеровская Область-Кузбасс
-3.1,2020,Новосибирская
-4.1,2020,Омская
-3.2,2020,Томская
-1.8,2020,
1.9,2020,Бурятия
4.3,2020,Саха /Якутия/
-1.8,2020,Забайкальский
-1.9,2020,Камчатский
-4.9,2020,Приморский
-2.8,2020,Хабаровский
-4.2,2020,Амурская
-2.4,2020,Магаданская
-1.9,2020,Саха /Якутия/
-3.1,2020,Еврейская
2.0,2020,Чукотский
-3.4,2020,
-4.6,2020,
-5.7,2020,Белгородская
-8.5,2020,Брянская
-9.0,2020,Владимирская
-6.5,2020,Воронежская
-9.2,2020,Ивановская
-6.0,2020,Калужская
-7.2,2020,Костромская
-7.4,2020,Курская
-6.6,2020,Липецкая
-2.6,2020,Московская
-8.7,2020,Орловская
-8.2,2020,Рязанская
-8.9,2020,Смоленская
-8.5,2020,Тамбовская
-9.3,2020,Тверская
-9.8,2020,Тульская
-6.5,2020,Ярославская
-0.8,2020,Москва
-4.0,2020,
-6.8,2020,Карелия
-3.8,2020,Коми
1.4,2020,Ненецкий
-5.5,2020,Архангельская
-5.2,2020,Вологодская
-3.1,2020,Калининградская
-6.3,2020,Ленинградская
-3.7,2020,Мурманская
-9.1,2020,Новгородская
-10.0,2020,Псковская
-1.4,2020,Санкт-Петербург
-4.3,2020,
-3.5,2020,Адыгея
-0.2,2020,Калмыкия
-5.8,2020,Крым
-3.2,2020,Краснодарский
-2.1,2020,Астраханская
-5.8,2020,Волгоградская
-5.2,2020,Ростовская
-4.0,2020,Севастополь
5.4,2020,
8.6,2020,Дагестан
13.5,2020,Ингушетия
2.4,2020,Кабардино-Балкарская
1.0,2020,Карачаево-Черкесская
0.1,2020,Северная Осетия - Алания
15.1,2020,Чеченская
-1.8,2020,Ставропольский
-4.7,2020,
-2.7,2020,Башкортостан
-2.6,2020,Марий Эл
-7.0,2020,Мордовия
-1.6,2020,Татарстан
-2.7,2020,Удмуртская
-4.0,2020,Чувашская
-4.8,2020,Пермский
-6.7,2020,Кировская
-7.0,2020,Нижегородская
-4.0,2020,Оренбургская
-7.8,2020,Пензенская
-5.4,2020,Самарская
-7.2,2020,Саратовская
-6.7,2020,Ульяновская
-1.8,2020,
-6.8,2020,Курганская
-3.9,2020,Свердловская
5.4,2020,Ханты-Мансийский Автономный Округ - Югра
7.5,2020,Ненецкий
1.1,2020,Тюменская
-4.2,2020,Челябинская
-3.6,2020,
1.7,2020,Алтай
10.1,2020,Тыва
-4.1,2020,Хакасия
-5.6,2020,Алтайский
-2.7,2020,Красноярский
-2.4,2020,Иркутская
-6.1,2020,Кемеровская Область-Кузбасс
-3.1,2020,Новосибирская
-4.2,2020,Омская
-3.4,2020,Томская
-1.7,2020,
2.2,2020,Бурятия
4.5,2020,Саха /Якутия/
-1.5,2020,Забайкальский
-2.7,2020,Камчатский
-4.7,2020,Приморский
-2.8,2020,Хабаровский
-4.9,2020,Амурская
-2.2,2020,Магаданская
-2.3,2020,Саха /Якутия/
-3.2,2020,Еврейская
2.0,2020,Чукотский
-3.3,2020,
-4.6,2020,
-5.7,2020,Белгородская
-8.0,2020,Брянская
-8.9,2020,Владимирская
-6.7,2020,Воронежская
-8.7,2020,Ивановская
-6.4,2020,Калужская
-6.7,2020,Костромская
-7.5,2020,Курская
-7.4,2020,Липецкая
-3.0,2020,Московская
-7.9,2020,Орловская
-8.1,2020,Рязанская
-8.3,2020,Смоленская
-8.5,2020,Тамбовская
-9.1,2020,Тверская
-9.1,2020,Тульская
-6.8,2020,Ярославская
-1.0,2020,Москва
-4.1,2020,
-6.9,2020,Карелия
-3.0,2020,Коми
4.3,2020,Ненецкий
-5.4,2020,Архангельская
-5.3,2020,Вологодская
-3.3,2020,Калининградская
-6.4,2020,Ленинградская
-3.6,2020,Мурманская
-9.1,2020,Новгородская
-9.7,2020,Псковская
-1.6,2020,Санкт-Петербург
-4.4,2020,
-2.9,2020,Адыгея
-0.2,2020,Калмыкия
-5.6,2020,Крым
-3.3,2020,Краснодарский
-2.6,2020,Астраханская
-6.0,2020,Волгоградская
-5.4,2020,Ростовская
-4.7,2020,Севастополь
5.3,2020,
9.1,2020,Дагестан
12.3,2020,Ингушетия
2.1,2020,Кабардино-Балкарская
0.8,2020,Карачаево-Черкесская
0.1,2020,Северная Осетия - Алания
14.9,2020,Чеченская
-2.0,2020,Ставропольский
-4.4,2020,
-2.6,2020,Башкортостан
-2.8,2020,Марий Эл
-6.5,2020,Мордовия
-1.0,2020,Татарстан
-2.7,2020,Удмуртская
-4.0,2020,Чувашская
-4.0,2020,Пермский
-6.8,2020,Кировская
-7.0,2020,Нижегородская
-3.9,2020,Оренбургская
-7.9,2020,Пензенская
-5.3,2020,Самарская
-6.7,2020,Саратовская
-6.3,2020,Ульяновская
-1.6,2020,
-6.7,2020,Курганская
-3.8,2020,Свердловская
5.3,2020,Ханты-Мансийский Автономный Округ - Югра
7.4,2020,Ненецкий
1.1,2020,Тюменская
-3.8,2020,Челябинская
-3.4,2020,
2.7,2020,Алтай
10.3,2020,Тыва
-3.3,2020,Хакасия
-5.3,2020,Алтайский
-2.5,2020,Красноярский
-1.9,2020,Иркутская
-6.1,2020,Кемеровская Область-Кузбасс
-3.0,2020,Новосибирская
-4.0,2020,Омская
-2.9,2020,Томская
-1.7,2020,
2.1,2020,Бурятия
4.4,2020,Саха /Якутия/
-1.5,2020,Забайкальский
-1.7,2020,Камчатский
-4.6,2020,Приморский
-3.1,2020,Хабаровский
-4.4,2020,Амурская
-2.1,2020,Магаданская
-1.7,2020,Саха /Якутия/
-3.3,2020,Еврейская
2.2,2020,Чукотский
-3.7,2020,
-5.4,2020,
-6.2,2020,Белгородская
-8.5,2020,Брянская
-9.4,2020,Владимирская
-6.7,2020,Воронежская
-8.7,2020,Ивановская
-6.9,2020,Калужская
-6.6,2020,Костромская
-7.9,2020,Курская
-7.5,2020,Липецкая
-3.6,2020,Московская
-8.5,2020,Орловская
-8.7,2020,Рязанская
-9.0,2020,Смоленская
-8.6,2020,Тамбовская
-9.2,2020,Тверская
-9.9,2020,Тульская
-7.3,2020,Ярославская
-2.3,2020,Москва
-4.5,2020,
-6.8,2020,Карелия
-3.3,2020,Коми
3.6,2020,Ненецкий
-5.5,2020,Архангельская
-4.9,2020,Вологодская
-3.3,2020,Калининградская
-7.0,2020,Ленинградская
-3.6,2020,Мурманская
-9.1,2020,Новгородская
-9.5,2020,Псковская
-2.3,2020,Санкт-Петербург
-4.6,2020,
-3.5,2020,Адыгея
-0.1,2020,Калмыкия
-5.3,2020,Крым
-3.6,2020,Краснодарский
-2.1,2020,Астраханская
-6.3,2020,Волгоградская
-5.6,2020,Ростовская
-4.4,2020,Севастополь
4.6,2020,
7.7,2020,Дагестан
11.3,2020,Ингушетия
2.1,2020,Кабардино-Балкарская
1.0,2020,Карачаево-Черкесская
-1.1,2020,Северная Осетия - Алания
14.4,2020,Чеченская
-2.1,2020,Ставропольский
-4.7,2020,
-2.8,2020,Башкортостан
-2.9,2020,Марий Эл
-7.6,2020,Мордовия
-1.3,2020,Татарстан
-2.7,2020,Удмуртская
-4.2,2020,Чувашская
-4.0,2020,Пермский
-7.1,2020,Кировская
-7.0,2020,Нижегородская
-4.0,2020,Оренбургская
-8.4,2020,Пензенская
-5.4,2020,Самарская
-7.4,2020,Саратовская
-6.3,2020,Ульяновская
-1.6,2020,
-6.4,2020,Курганская
-3.6,2020,Свердловская
5.2,2020,Ханты-Мансийский Автономный Округ - Югра
7.3,2020,Ненецкий
1.1,2020,Тюменская
-3.8,2020,Челябинская
-3.5,2020,
2.7,2020,Алтай
9.5,2020,Тыва
-3.0,2020,Хакасия
-5.4,2020,Алтайский
-3.0,2020,Красноярский
-2.0,2020,Иркутская
-5.9,2020,Кемеровская Область-Кузбасс
-3.3,2020,Новосибирская
-4.3,2020,Омская
-2.7,2020,Томская
-1.8,2020,
1.9,2020,Бурятия
4.1,2020,Саха /Якутия/
-1.2,2020,Забайкальский
-1.5,2020,Камчатский
-5.2,2020,Приморский
-3.3,2020,Хабаровский
-4.1,2020,Амурская
-2.2,2020,Магаданская
-1.5,2020,Саха /Якутия/
-4.9,2020,Еврейская
1.5,2020,Чукотский
-3.7,2020,
-5.4,2020,
-5.9,2020,Белгородская
-8.5,2020,Брянская
-9.9,2020,Владимирская
-6.9,2020,Воронежская
-8.7,2020,Ивановская
-7.2,2020,Калужская
-6.4,2020,Костромская
-8.4,2020,Курская
-7.7,2020,Липецкая
-3.6,2020,Московская
-8.2,2020,Орловская
-8.5,2020,Рязанская
-9.2,2020,Смоленская
-8.9,2020,Тамбовская
-9.8,2020,Тверская
-10.5,2020,Тульская
-7.5,2020,Ярославская
-2.4,2020,Москва
-4.8,2020,
-6.6,2020,Карелия
-2.8,2020,Коми
3.6,2020,Ненецкий
-5.6,2020,Архангельская
-4.9,2020,Вологодская
-3.4,2020,Калининградская
-7.3,2020,Ленинградская
-3.4,2020,Мурманская
-9.4,2020,Новгородская
-9.8,2020,Псковская
-3.3,2020,Санкт-Петербург
-4.2,2020,
-3.3,2020,Адыгея
-0.3,2020,Калмыкия
-5.0,2020,Крым
-2.9,2020,Краснодарский
-2.1,2020,Астраханская
-6.2,2020,Волгоградская
-5.4,2020,Ростовская
-4.2,2020,Севастополь
4.8,2020,
7.9,2020,Дагестан
12.2,2020,Ингушетия
2.6,2020,Кабардино-Балкарская
1.5,2020,Карачаево-Черкесская
-0.5,2020,Северная Осетия - Алания
14.4,2020,Чеченская
-2.2,2020,Ставропольский
-4.7,2020,
-2.6,2020,Башкортостан
-3.1,2020,Марий Эл
-7.8,2020,Мордовия
-1.8,2020,Татарстан
-2.5,2020,Удмуртская
-5.0,2020,Чувашская
-4.0,2020,Пермский
-6.6,2020,Кировская
-7.2,2020,Нижегородская
-3.8,2020,Оренбургская
-8.9,2020,Пензенская
-5.5,2020,Самарская
-7.1,2020,Саратовская
-6.3,2020,Ульяновская
-1.6,2020,
-6.3,2020,Курганская
-3.7,2020,Свердловская
5.1,2020,Ханты-Мансийский Автономный Округ - Югра
7.3,2020,Ненецкий
3.8,2020,Тюменская
-3.7,2020,Челябинская
-3.4,2020,
2.7,2020,Алтай
9.7,2020,Тыва
-2.9,2020,Хакасия
-5.2,2020,Алтайский
-2.5,2020,Красноярский
-2.0,2020,Иркутская
-6.1,2020,Кемеровская Область-Кузбасс
-3.8,2020,Новосибирская
-4.3,2020,Омская
-2.6,2020,Томская
-1.8,2020,
1.8,2020,Бурятия
4.4,2020,Саха /Якутия/
-1.2,2020,Забайкальский
-2.0,2020,Камчатский
-4.8,2020,Приморский
-3.7,2020,Хабаровский
-4.1,2020,Амурская
-2.9,2020,Магаданская
-1.2,2020,Саха /Якутия/
-4.5,2020,Еврейская
1.3,2020,Чукотский
-3.7,2020,
-5.2,2020,
-5.9,2020,Белгородская
-8.3,2020,Брянская
-9.8,2020,Владимирская
-6.9,2020,Воронежская
-8.7,2020,Ивановская
-7.0,2020,Калужская
-6.4,2020,Костромская
-8.2,2020,Курская
-7.6,2020,Липецкая
-3.3,2020,Московская
-8.6,2020,Орловская
-8.4,2020,Рязанская
-9.0,2020,Смоленская
-8.8,2020,Тамбовская
-9.6,2020,Тверская
-10.2,2020,Тульская
-7.4,2020,Ярославская
-1.9,2020,Москва
-4.5,2020,
-6.5,2020,Карелия
-2.9,2020,Коми
3.9,2020,Ненецкий
-5.5,2020,Архангельская
-4.8,2020,Вологодская
-3.2,2020,Калининградская
-7.3,2020,Ленинградская
-3.6,2020,Мурманская
-9.1,2020,Новгородская
-9.7,2020,Псковская
-2.8,2020,Санкт-Петербург
-4.2,2020,
-3.1,2020,Адыгея
-0.4,2020,Калмыкия
-4.9,2020,Крым
-3.0,2020,Краснодарский
-2.4,2020,Астраханская
-6.4,2020,Волгоградская
-5.2,2020,Ростовская
-3.9,2020,Севастополь
4.8,2020,
7.8,2020,Дагестан
12.2,2020,Ингушетия
2.5,2020,Кабардино-Балкарская
0.7,2020,Карачаево-Черкесская
-0.5,2020,Северная Осетия - Алания
13.9,2020,Чеченская
-2.2,2020,Ставропольский
-5.1,2020,
-3.4,2020,Башкортостан
-3.3,2020,Марий Эл
-7.9,2020,Мордовия
-2.3,2020,Татарстан
-2.7,2020,Удмуртская
-5.4,2020,Чувашская
-4.3,2020,Пермский
-6.6,2020,Кировская
-7.3,2020,Нижегородская
-4.4,2020,Оренбургская
-9.0,2020,Пензенская
-5.9,2020,Самарская
-7.3,2020,Саратовская
-6.8,2020,Ульяновская
-2.1,2020,
-6.8,2020,Курганская
-4.3,2020,Свердловская
5.0,2020,Ханты-Мансийский Автономный Округ - Югра
7.2,2020,Ненецкий
0.7,2020,Тюменская
-4.4,2020,Челябинская
-3.6,2020,
2.8,2020,Алтай
9.7,2020,Тыва
-2.8,2020,Хакасия
-5.2,2020,Алтайский
-2.7,2020,Красноярский
-2.2,2020,Иркутская
-6.1,2020,Кемеровская Область-Кузбасс
-4.1,2020,Новосибирская
-4.8,2020,Омская
-2.8,2020,Томская
-1.8,2020,
1.7,2020,Бурятия
4.6,2020,Саха /Якутия/
-1.2,2020,Забайкальский
-2.2,2020,Камчатский
-4.6,2020,Приморский
-3.6,2020,Хабаровский
-4.3,2020,Амурская
-2.6,2020,Магаданская
-1.5,2020,Саха /Якутия/
-4.7,2020,Еврейская
1.0,2020,Чукотский
-3.6,2020,
-4.9,2020,
-5.8,2020,Белгородская
-7.9,2020,Брянская
-9.6,2020,Владимирская
-6.6,2020,Воронежская
-8.4,2020,Ивановская
-6.7,2020,Калужская
-6.2,2020,Костромская
-7.9,2020,Курская
-7.4,2020,Липецкая
-3.1,2020,Московская
-8.4,2020,Орловская
-8.3,2020,Рязанская
-8.8,2020,Смоленская
-8.8,2020,Тамбовская
-9.4,2020,Тверская
-10.0,2020,Тульская
-7.2,2020,Ярославская
-1.6,2020,Москва
-4.4,2020,
-6.4,2020,Карелия
-2.9,2020,Коми
4.0,2020,Ненецкий
-5.4,2020,Архангельская
-4.9,2020,Вологодская
-2.8,2020,Калининградская
-7.1,2020,Ленинградская
-3.7,2020,Мурманская
-8.9,2020,Новгородская
-9.6,2020,Псковская
-2.4,2020,Санкт-Петербург
-4.1,2020,
-2.9,2020,Адыгея
-0.1,2020,Калмыкия
-4.6,2020,Крым
-2.9,2020,Краснодарский
-2.1,2020,Астраханская
-6.3,2020,Волгоградская
-5.2,2020,Ростовская
-3.9,2020,Севастополь
4.9,2020,
7.9,2020,Дагестан
12.3,2020,Ингушетия
2.6,2020,Кабардино-Балкарская
0.8,2020,Карачаево-Черкесская
-0.1,2020,Северная Осетия - Алания
13.9,2020,Чеченская
-2.1,2020,Ставропольский
-5.0,2020,
-3.3,2020,Башкортостан
-3.3,2020,Марий Эл
-7.9,2020,Мордовия
-2.2,2020,Татарстан
-2.8,2020,Удмуртская
-5.2,2020,Чувашская
-4.1,2020,Пермский
-6.3,2020,Кировская
-7.2,2020,Нижегородская
-4.4,2020,Оренбургская
-8.7,2020,Пензенская
-5.8,2020,Самарская
-7.2,2020,Саратовская
-6.6,2020,Ульяновская
-2.0,2020,
-6.7,2020,Курганская
-4.1,2020,Свердловская
5.1,2020,Ханты-Мансийский Автономный Округ - Югра
7.3,2020,Ненецкий
0.9,2020,Тюменская
-4.4,2020,Челябинская
-3.5,2020,
2.8,2020,Алтай
10.1,2020,Тыва
-2.7,2020,Хакасия
-5.2,2020,Алтайский
-2.7,2020,Красноярский
-2.0,2020,Иркутская
-5.8,2020,Кемеровская Область-Кузбасс
-4.0,2020,Новосибирская
-4.8,2020,Омская
-2.6,2020,Томская
-1.6,2020,
2.0,2020,Бурятия
4.6,2020,Саха /Якутия/
-1.1,2020,Забайкальский
-1.9,2020,Камчатский
-4.5,2020,Приморский
-3.5,2020,Хабаровский
-4.3,2020,Амурская
-2.1,2020,Магаданская
-1.4,2020,Саха /Якутия/
-4.5,2020,Еврейская
1.0,2020,Чукотский
-3.6,2020,
-4.9,2020,
-5.8,2020,Белгородская
-7.9,2020,Брянская
-9.5,2020,Владимирская
-6.6,2020,Воронежская
-8.5,2020,Ивановская
-6.7,2020,Калужская
-6.5,2020,Костромская
-7.7,2020,Курская
-7.6,2020,Липецкая
-3.1,2020,Московская
-8.6,2020,Орловская
-8.5,2020,Рязанская
-8.8,2020,Смоленская
-8.7,2020,Тамбовская
-9.5,2020,Тверская
-10.0,2020,Тульская
-7.2,2020,Ярославская
-1.4,2020,Москва
-4.4,2020,
-6.6,2020,Карелия
-2.8,2020,Коми
4.1,2020,Ненецкий
-5.6,2020,Архангельская
-4.9,2020,Вологодская
-2.8,2020,Калининградская
-7.1,2020,Ленинградская
-3.8,2020,Мурманская
-8.8,2020,Новгородская
-9.6,2020,Псковская
-2.5,2020,Санкт-Петербург
-4.1,2020,
-2.9,2020,Адыгея
-0.1,2020,Калмыкия
-4.6,2020,Крым
-2.8,2020,Краснодарский
-2.0,2020,Астраханская
-6.4,2020,Волгоградская
-5.2,2020,Ростовская
-3.5,2020,Севастополь
5.1,2020,
8.3,2020,Дагестан
12.6,2020,Ингушетия
3.0,2020,Кабардино-Балкарская
1.0,2020,Карачаево-Черкесская
0.1,2020,Северная Осетия - Алания
14.2,2020,Чеченская
-2.1,2020,Ставропольский
-5.1,2020,
-3.4,2020,Башкортостан
-3.3,2020,Марий Эл
-7.9,2020,Мордовия
-2.2,2020,Татарстан
-3.2,2020,Удмуртская
-5.2,2020,Чувашская
-4.3,2020,Пермский
-6.5,2020,Кировская
-7.2,2020,Нижегородская
-4.7,2020,Оренбургская
-8.8,2020,Пензенская
-6.0,2020,Самарская
-7.2,2020,Саратовская
-7.0,2020,Ульяновская
-1.9,2020,
-6.6,2020,Курганская
-4.1,2020,Свердловская
5.3,2020,Ханты-Мансийский Автономный Округ - Югра
7.5,2020,Ненецкий
0.9,2020,Тюменская
-4.5,2020,Челябинская
-3.6,2020,
2.7,2020,Алтай
10.5,2020,Тыва
-2.7,2020,Хакасия
-5.4,2020,Алтайский
-2.6,2020,Красноярский
-2.1,2020,Иркутская
-6.0,2020,Кемеровская Область-Кузбасс
-3.5,2020,Новосибирская
-4.9,2020,Омская
-2.6,2020,Томская
-1.5,2020,
2.2,2020,Бурятия
4.6,2020,Саха /Якутия/
-1.1,2020,Забайкальский
-1.6,2020,Камчатский
-4.3,2020,Приморский
-3.5,2020,Хабаровский
-4.3,2020,Амурская
-2.1,2020,Магаданская
-1.4,2020,Саха /Якутия/
-4.0,2020,Еврейская
0.6,2020,Чукотский
-3.8,2020,
-5.2,2020,
-6.5,2020,Белгородская
-8.0,2020,Брянская
-9.6,2020,Владимирская
-7.2,2020,Воронежская
-8.9,2020,Ивановская
-7.1,2020,Калужская
-7.0,2020,Костромская
-8.0,2020,Курская
-8.3,2020,Липецкая
-3.4,2020,Московская
-8.9,2020,Орловская
-8.8,2020,Рязанская
-9.1,2020,Смоленская
-9.1,2020,Тамбовская
-9.5,2020,Тверская
-10.2,2020,Тульская
-7.5,2020,Ярославская
-1.5,2020,Москва
-4.5,2020,
-6.7,2020,Карелия
-3.2,2020,Коми
3.9,2020,Ненецкий
-5.7,2020,Архангельская
-5.1,2020,Вологодская
-2.9,2020,Калининградская
-7.2,2020,Ленинградская
-3.9,2020,Мурманская
-8.9,2020,Новгородская
-9.7,2020,Псковская
-2.5,2020,Санкт-Петербург
-4.4,2020,
-2.9,2020,Адыгея
-0.4,2020,Калмыкия
-5.1,2020,Крым
-2.9,2020,Краснодарский
-2.2,2020,Астраханская
-6.9,2020,Волгоградская
-5.9,2020,Ростовская
-3.8,2020,Севастополь
5.1,2020,
8.5,2020,Дагестан
12.6,2020,Ингушетия
2.9,2020,Кабардино-Балкарская
1.2,2020,Карачаево-Черкесская
0.4,2020,Северная Осетия - Алания
14.2,2020,Чеченская
-2.4,2020,Ставропольский
-5.6,2020,
-3.8,2020,Башкортостан
-3.7,2020,Марий Эл
-8.2,2020,Мордовия
-2.5,2020,Татарстан
-3.9,2020,Удмуртская
-5.4,2020,Чувашская
-4.8,2020,Пермский
-7.0,2020,Кировская
-7.5,2020,Нижегородская
-5.4,2020,Оренбургская
-9.2,2020,Пензенская
-6.7,2020,Самарская
-7.7,2020,Саратовская
-7.4,2020,Ульяновская
-2.3,2020,
-7.3,2020,Курганская
-4.4,2020,Свердловская
5.2,2020,Ханты-Мансийский Автономный Округ - Югра
7.5,2020,Ненецкий
0.6,2020,Тюменская
-5.2,2020,Челябинская
-3.9,2020,
2.5,2020,Алтай
10.6,2020,Тыва
-2.8,2020,Хакасия
-6.4,2020,Алтайский
-2.8,2020,Красноярский
-2.5,2020,Иркутская
-6.8,2020,Кемеровская Область-Кузбасс
-3.9,2020,Новосибирская
-5.4,2020,Омская
-3.0,2020,Томская
-1.7,2020,
1.9,2020,Бурятия
4.4,2020,Саха /Якутия/
-1.0,2020,Забайкальский
-1.6,2020,Камчатский
-4.3,2020,Приморский
-3.5,2020,Хабаровский
-4.7,2020,Амурская
-2.4,2020,Магаданская
-1.5,2020,Саха /Якутия/
-4.5,2020,Еврейская
0.4,2020,Чукотский
-4.3,2020,
-5.5,2020,
-7.1,2020,Белгородская
-8.5,2020,Брянская
-10.2,2020,Владимирская
-7.8,2020,Воронежская
-9.5,2020,Ивановская
-7.7,2020,Калужская
-7.6,2020,Костромская
-8.4,2020,Курская
-8.9,2020,Липецкая
-3.8,2020,Московская
-9.3,2020,Орловская
-9.4,2020,Рязанская
-9.4,2020,Смоленская
-9.8,2020,Тамбовская
-9.8,2020,Тверская
-10.6,2020,Тульская
-8.1,2020,Ярославская
-1.6,2020,Москва
-4.8,2020,
-7.2,2020,Карелия
-3.7,2020,Коми
3.4,2020,Ненецкий
-6.1,2020,Архангельская
-5.6,2020,Вологодская
-3.2,2020,Калининградская
-7.4,2020,Ленинградская
-4.3,2020,Мурманская
-9.2,2020,Новгородская
-10.0,2020,Псковская
-2.9,2020,Санкт-Петербург
-4.9,2020,
-3.0,2020,Адыгея
-0.5,2020,Калмыкия
-5.5,2020,Крым
-3.1,2020,Краснодарский
-2.5,2020,Астраханская
-7.5,2020,Волгоградская
-6.3,2020,Ростовская
-4.0,2020,Севастополь
5.0,2020,
8.4,2020,Дагестан
12.8,2020,Ингушетия
2.5,2020,Кабардино-Балкарская
0.9,2020,Карачаево-Черкесская
0.2,2020,Северная Осетия - Алания
14.2,2020,Чеченская
-2.7,2020,Ставропольский
-6.1,2020,
-4.3,2020,Башкортостан
-4.1,2020,Марий Эл
-8.4,2020,Мордовия
-3.0,2020,Татарстан
-4.1,2020,Удмуртская
-5.8,2020,Чувашская
-5.4,2020,Пермский
-7.7,2020,Кировская
-8.1,2020,Нижегородская
-6.2,2020,Оренбургская
-9.6,2020,Пензенская
-7.4,2020,Самарская
-8.3,2020,Саратовская
-7.9,2020,Ульяновская
-2.9,2020,
-7.9,2020,Курганская
-4.9,2020,Свердловская
4.7,2020,Ханты-Мансийский Автономный Округ - Югра
6.9,2020,Ненецкий
0.1,2020,Тюменская
-5.9,2020,Челябинская
-4.7,2020,
2.2,2020,Алтай
10.7,2020,Тыва
-3.5,2020,Хакасия
-7.3,2020,Алтайский
-3.5,2020,Красноярский
-3.1,2020,Иркутская
-7.4,2020,Кемеровская Область-Кузбасс
-4.7,2020,Новосибирская
-6.0,2020,Омская
-3.6,2020,Томская
-2.2,2020,
1.4,2020,Бурятия
4.0,2020,Саха /Якутия/
-1.4,2020,Забайкальский
-1.8,2020,Камчатский
-4.9,2020,Приморский
-4.2,2020,Хабаровский
-5.4,2020,Амурская
-2.7,2020,Магаданская
-1.7,2020,Саха /Якутия/
-5.2,2020,Еврейская
0.3,2020,Чукотский
-4.7,2020,
-6.0,2020,
-7.5,2020,Белгородская
-8.9,2020,Брянская
-10.7,2020,Владимирская
-8.2,2020,Воронежская
-10.0,2020,Ивановская
-8.2,2020,Калужская
-8.0,2020,Костромская
-9.0,2020,Курская
-9.4,2020,Липецкая
-4.3,2020,Московская
-10.2,2020,Орловская
-10.0,2020,Рязанская
-10.0,2020,Смоленская
-10.4,2020,Тамбовская
-10.4,2020,Тверская
-11.3,2020,Тульская
-8.7,2020,Ярославская
-2.0,2020,Москва
-5.4,2020,
-8.0,2020,Карелия
-4.1,2020,Коми
3.3,2020,Ненецкий
-6.6,2020,Архангельская
-6.3,2020,Вологодская
-3.9,2020,Калининградская
-7.9,2020,Ленинградская
-4.6,2020,Мурманская
-10.0,2020,Новгородская
-10.9,2020,Псковская
-3.2,2020,Санкт-Петербург
-5.3,2020,
-3.5,2020,Адыгея
-0.9,2020,Калмыкия
-6.2,2020,Крым
-3.8,2020,Краснодарский
-2.7,2020,Астраханская
-7.9,2020,Волгоградская
-6.7,2020,Ростовская
-4.5,2020,Севастополь
4.8,2020,
8.7,2020,Дагестан
12.9,2020,Ингушетия
2.3,2020,Кабардино-Балкарская
0.4,2020,Карачаево-Черкесская
-0.3,2020,Северная Осетия - Алания
14.0,2020,Чеченская
-3.1,2020,Ставропольский
-6.5,2020,
-4.7,2020,Башкортостан
-4.5,2020,Марий Эл
-9.3,2020,Мордовия
-3.2,2020,Татарстан
-4.4,2020,Удмуртская
-6.1,2020,Чувашская
-5.7,2020,Пермский
-8.3,2020,Кировская
-8.6,2020,Нижегородская
-6.6,2020,Оренбургская
-10.0,2020,Пензенская
-7.8,2020,Самарская
-8.7,2020,Саратовская
-8.4,2020,Ульяновская
-3.3,2020,
-8.3,2020,Курганская
-5.5,2020,Свердловская
4.7,2020,Ханты-Мансийский Автономный Округ - Югра
7.0,2020,Ненецкий
0.0,2020,Тюменская
-6.3,2020,Челябинская
-5.0,2020,
2.1,2020,Алтай
10.8,2020,Тыва
-3.9,2020,Хакасия
-7.7,2020,Алтайский
-4.0,2020,Красноярский
-3.5,2020,Иркутская
-7.7,2020,Кемеровская Область-Кузбасс
-5.0,2020,Новосибирская
-6.2,2020,Омская
-4.1,2020,Томская
-2.7,2020,
1.0,2020,Бурятия
4.1,2020,Саха /Якутия/
-1.7,2020,Забайкальский
-2.3,2020,Камчатский
-5.7,2020,Приморский
-4.9,2020,Хабаровский
-6.1,2020,Амурская
-3.1,2020,Магаданская
-2.1,2020,Саха /Якутия/
-5.6,2020,Еврейская
0.3,2020,Чукотский
-7.8,2021,
-9.6,2021,
-10.1,2021,Белгородская
-14.1,2021,Брянская
-13.8,2021,Владимирская
-11.6,2021,Воронежская
-13.1,2021,Ивановская
-12.0,2021,Калужская
-12.7,2021,Костромская
-15.6,2021,Курская
-13.6,2021,Липецкая
-7.9,2021,Московская
-16.7,2021,Орловская
-15.1,2021,Рязанская
-15.2,2021,Смоленская
-14.3,2021,Тамбовская
-17.5,2021,Тверская
-16.1,2021,Тульская
-13.4,2021,Ярославская
-4.3,2021,Москва
-10.2,2021,
-15.7,2021,Карелия
-6.9,2021,Коми
-0.5,2021,Ненецкий
-12.3,2021,Архангельская
-11.2,2021,Вологодская
-9.0,2021,Калининградская
-12.0,2021,Ленинградская
-8.8,2021,Мурманская
-16.4,2021,Новгородская
-15.8,2021,Псковская
-8.0,2021,Санкт-Петербург
-8.8,2021,
-9.8,2021,Адыгея
-3.5,2021,Калмыкия
-9.3,2021,Крым
-7.8,2021,Краснодарский
-4.8,2021,Астраханская
-10.3,2021,Волгоградская
-10.4,2021,Ростовская
-9.2,2021,Севастополь
1.9,2021,
7.3,2021,Дагестан
10.2,2021,Ингушетия
-1.7,2021,Кабардино-Балкарская
-4.3,2021,Карачаево-Черкесская
-4.1,2021,Северная Осетия - Алания
11.5,2021,Чеченская
-7.3,2021,Ставропольский
-8.9,2021,
-6.4,2021,Башкортостан
-7.2,2021,Марий Эл
-14.2,2021,Мордовия
-4.8,2021,Татарстан
-5.7,2021,Удмуртская
-8.3,2021,Чувашская
-6.9,2021,Пермский
-13.3,2021,Кировская
-13.2,2021,Нижегородская
-7.9,2021,Оренбургская
-13.0,2021,Пензенская
-10.2,2021,Самарская
-11.9,2021,Саратовская
-10.0,2021,Ульяновская
-5.2,2021,
-12.1,2021,Курганская
-8.0,2021,Свердловская
2.7,2021,Ханты-Мансийский Автономный Округ - Югра
6.3,2021,Ненецкий
-1.8,2021,Тюменская
-7.1,2021,Челябинская
-7.1,2021,
-0.7,2021,Алтай
11.6,2021,Тыва
-5.5,2021,Хакасия
-10.8,2021,Алтайский
-6.3,2021,Красноярский
-5.5,2021,Иркутская
-8.8,2021,Кемеровская Область-Кузбасс
-6.8,2021,Новосибирская
-7.6,2021,Омская
-7.3,2021,Томская
-5.9,2021,
-1.6,2021,Бурятия
2.6,2021,Саха /Якутия/
-5.5,2021,Забайкальский
-6.8,2021,Камчатский
-9.4,2021,Приморский
-8.5,2021,Хабаровский
-10.1,2021,Амурская
-8.0,2021,Магаданская
-5.9,2021,Саха /Якутия/
-6.8,2021,Еврейская
2.9,2021,Чукотский
-6.4,2021,
-8.1,2021,
-9.3,2021,Белгородская
-12.5,2021,Брянская
-12.1,2021,Владимирская
-10.2,2021,Воронежская
-11.8,2021,Ивановская
-10.3,2021,Калужская
-10.7,2021,Костромская
-13.8,2021,Курская
-12.2,2021,Липецкая
-6.4,2021,Московская
-14.5,2021,Орловская
-12.8,2021,Рязанская
-13.3,2021,Смоленская
-12.3,2021,Тамбовская
-14.6,2021,Тверская
-13.8,2021,Тульская
-10.9,2021,Ярославская
-3.3,2021,Москва
-8.0,2021,
-12.2,2021,Карелия
-5.6,2021,Коми
2.1,2021,Ненецкий
-10.1,2021,Архангельская
-8.7,2021,Вологодская
-6.7,2021,Калининградская
-10.1,2021,Ленинградская
-7.1,2021,Мурманская
-13.8,2021,Новгородская
-13.4,2021,Псковская
-5.8,2021,Санкт-Петербург
-7.8,2021,
-6.8,2021,Адыгея
-2.8,2021,Калмыкия
-8.1,2021,Крым
-6.8,2021,Краснодарский
-4.0,2021,Астраханская
-9.1,2021,Волгоградская
-9.4,2021,Ростовская
-7.4,2021,Севастополь
3.0,2021,
7.7,2021,Дагестан
11.4,2021,Ингушетия
-0.5,2021,Кабардино-Балкарская
-3.0,2021,Карачаево-Черкесская
-2.8,2021,Северная Осетия - Алания
12.7,2021,Чеченская
-5.5,2021,Ставропольский
-7.6,2021,
-5.0,2021,Башкортостан
-6.0,2021,Марий Эл
-11.9,2021,Мордовия
-3.2,2021,Татарстан
-4.8,2021,Удмуртская
-6.7,2021,Чувашская
-5.5,2021,Пермский
-11.4,2021,Кировская
-11.1,2021,Нижегородская
-6.8,2021,Оренбургская
-11.7,2021,Пензенская
-9.1,2021,Самарская
-10.9,2021,Саратовская
-9.6,2021,Ульяновская
-3.7,2021,
-10.0,2021,Курганская
-6.4,2021,Свердловская
3.6,2021,Ханты-Мансийский Автономный Округ - Югра
7.0,2021,Ненецкий
-0.9,2021,Тюменская
-5.6,2021,Челябинская
-5.8,2021,
0.4,2021,Алтай
11.5,2021,Тыва
-4.6,2021,Хакасия
-9.1,2021,Алтайский
-5.1,2021,Красноярский
-4.5,2021,Иркутская
-7.8,2021,Кемеровская Область-Кузбасс
-5.3,2021,Новосибирская
-6.9,2021,Омская
-5.6,2021,Томская
-4.2,2021,
-0.5,2021,Бурятия
3.3,2021,Саха /Якутия/
-4.2,2021,Забайкальский
-4.3,2021,Камчатский
-7.5,2021,Приморский
-5.9,2021,Хабаровский
-8.1,2021,Амурская
-5.4,2021,Магаданская
-3.8,2021,Саха /Якутия/
-5.3,2021,Еврейская
2.2,2021,Чукотский
-5.9,2021,
-7.7,2021,
-8.8,2021,Белгородская
-11.7,2021,Брянская
-11.7,2021,Владимирская
-9.9,2021,Воронежская
-11.3,2021,Ивановская
-9.7,2021,Калужская
-10.2,2021,Костромская
-13.0,2021,Курская
-11.6,2021,Липецкая
-5.9,2021,Московская
-13.7,2021,Орловская
-12.1,2021,Рязанская
-12.6,2021,Смоленская
-11.9,2021,Тамбовская
-13.6,2021,Тверская
-13.1,2021,Тульская
-10.3,2021,Ярославская
-3.1,2021,Москва
-7.5,2021,
-11.2,2021,Карелия
-5.2,2021,Коми
2.0,2021,Ненецкий
-9.2,2021,Архангельская
-8.0,2021,Вологодская
-6.0,2021,Калининградская
-9.4,2021,Ленинградская
-6.4,2021,Мурманская
-13.2,2021,Новгородская
-12.8,2021,Псковская
-5.3,2021,Санкт-Петербург
-7.3,2021,
-6.2,2021,Адыгея
-2.5,2021,Калмыкия
-7.6,2021,Крым
-6.1,2021,Краснодарский
-3.6,2021,Астраханская
-9.1,2021,Волгоградская
-9.0,2021,Ростовская
-6.6,2021,Севастополь
3.2,2021,
7.4,2021,Дагестан
11.1,2021,Ингушетия
0.2,2021,Кабардино-Балкарская
-2.3,2021,Карачаево-Черкесская
-2.4,2021,Северная Осетия - Алания
12.6,2021,Чеченская
-4.9,2021,Ставропольский
-7.3,2021,
-4.9,2021,Башкортостан
-5.6,2021,Марий Эл
-11.0,2021,Мордовия
-3.0,2021,Татарстан
-4.6,2021,Удмуртская
-6.6,2021,Чувашская
-5.4,2021,Пермский
-11.0,2021,Кировская
-10.6,2021,Нижегородская
-6.5,2021,Оренбургская
-11.2,2021,Пензенская
-8.6,2021,Самарская
-10.5,2021,Саратовская
-9.4,2021,Ульяновская
-3.5,2021,
-9.7,2021,Курганская
-6.0,2021,Свердловская
3.8,2021,Ханты-Мансийский Автономный Округ - Югра
6.9,2021,Ненецкий
-0.7,2021,Тюменская
-5.3,2021,Челябинская
-5.5,2021,
0.2,2021,Алтай
10.3,2021,Тыва
-4.2,2021,Хакасия
-8.7,2021,Алтайский
-4.6,2021,Красноярский
-4.2,2021,Иркутская
-7.5,2021,Кемеровская Область-Кузбасс
-5.1,2021,Новосибирская
-6.6,2021,Омская
-5.3,2021,Томская
-3.8,2021,
-0.5,2021,Бурятия
3.1,2021,Саха /Якутия/
-3.6,2021,Забайкальский
-3.7,2021,Камчатский
-6.9,2021,Приморский
-5.3,2021,Хабаровский
-7.6,2021,Амурская
-4.9,2021,Магаданская
-3.4,2021,Саха /Якутия/
-5.1,2021,Еврейская
1.8,2021,Чукотский
-6.8,2021,
-8.7,2021,
-9.7,2021,Белгородская
-12.9,2021,Брянская
-12.8,2021,Владимирская
-10.8,2021,Воронежская
-12.2,2021,Ивановская
-10.9,2021,Калужская
-11.7,2021,Костромская
-14.7,2021,Курская
-13.1,2021,Липецкая
-6.9,2021,Московская
-15.5,2021,Орловская
-13.7,2021,Рязанская
-14.4,2021,Смоленская
-13.2,2021,Тамбовская
-16.1,2021,Тверская
-15.0,2021,Тульская
-12.2,2021,Ярославская
-3.6,2021,Москва
-8.9,2021,
-13.8,2021,Карелия
-5.9,2021,Коми
2.4,2021,Ненецкий
-11.2,2021,Архангельская
-9.5,2021,Вологодская
-7.8,2021,Калининградская
-10.7,2021,Ленинградская
-7.7,2021,Мурманская
-15.0,2021,Новгородская
-14.1,2021,Псковская
-6.7,2021,Санкт-Петербург
-8.0,2021,
-7.9,2021,Адыгея
-3.3,2021,Калмыкия
-8.4,2021,Крым
-7.1,2021,Краснодарский
-4.3,2021,Астраханская
-9.2,2021,Волгоградская
-9.7,2021,Ростовская
-7.7,2021,Севастополь
2.9,2021,
8.0,2021,Дагестан
12.4,2021,Ингушетия
-0.9,2021,Кабардино-Балкарская
-3.1,2021,Карачаево-Черкесская
-3.6,2021,Северная Осетия - Алания
13.4,2021,Чеченская
-6.4,2021,Ставропольский
-8.1,2021,
-5.3,2021,Башкортостан
-6.1,2021,Марий Эл
-12.7,2021,Мордовия
-3.7,2021,Татарстан
-4.7,2021,Удмуртская
-7.2,2021,Чувашская
-6.1,2021,Пермский
-12.3,2021,Кировская
-11.9,2021,Нижегородская
-7.3,2021,Оренбургская
-12.3,2021,Пензенская
-9.6,2021,Самарская
-11.4,2021,Саратовская
-9.9,2021,Ульяновская
-4.3,2021,
-11.0,2021,Курганская
-6.9,2021,Свердловская
3.1,2021,Ханты-Мансийский Автономный Округ - Югра
7.0,2021,Ненецкий
-1.2,2021,Тюменская
-6.2,2021,Челябинская
-6.2,2021,
0.2,2021,Алтай
12.0,2021,Тыва
-4.9,2021,Хакасия
-9.7,2021,Алтайский
-5.4,2021,Красноярский
-4.8,2021,Иркутская
-8.1,2021,Кемеровская Область-Кузбасс
-6.0,2021,Новосибирская
-7.2,2021,Омская
-5.8,2021,Томская
-4.9,2021,
-0.6,2021,Бурятия
3.3,2021,Саха /Якутия/
-4.6,2021,Забайкальский
-5.4,2021,Камчатский
-8.2,2021,Приморский
-7.0,2021,Хабаровский
-9.0,2021,Амурская
-6.1,2021,Магаданская
-4.7,2021,Саха /Якутия/
-5.9,2021,Еврейская
2.0,2021,Чукотский
-5.8,2021,
-7.8,2021,
-8.4,2021,Белгородская
-11.8,2021,Брянская
-12.3,2021,Владимирская
-9.7,2021,Воронежская
-11.3,2021,Ивановская
-9.8,2021,Калужская
-9.9,2021,Костромская
-12.5,2021,Курская
-11.3,2021,Липецкая
-6.3,2021,Московская
-13.0,2021,Орловская
-12.2,2021,Рязанская
-12.4,2021,Смоленская
-12.2,2021,Тамбовская
-13.5,2021,Тверская
-13.1,2021,Тульская
-10.4,2021,Ярославская
-3.5,2021,Москва
-7.4,2021,
-11.0,2021,Карелия
-4.9,2021,Коми
1.9,2021,Ненецкий
-8.8,2021,Архангельская
-8.0,2021,Вологодская
-5.7,2021,Калининградская
-9.7,2021,Ленинградская
-6.1,2021,Мурманская
-13.1,2021,Новгородская
-12.6,2021,Псковская
-5.5,2021,Санкт-Петербург
-6.8,2021,
-5.5,2021,Адыгея
-2.3,2021,Калмыкия
-7.3,2021,Крым
-5.6,2021,Краснодарский
-3.3,2021,Астраханская
-8.7,2021,Волгоградская
-8.4,2021,Ростовская
-5.9,2021,Севастополь
3.7,2021,
7.8,2021,Дагестан
11.3,2021,Ингушетия
0.8,2021,Кабардино-Балкарская
-1.7,2021,Карачаево-Черкесская
-1.5,2021,Северная Осетия - Алания
13.2,2021,Чеченская
-4.5,2021,Ставропольский
-7.1,2021,
-4.6,2021,Башкортостан
-5.7,2021,Марий Эл
-10.5,2021,Мордовия
-3.0,2021,Татарстан
-4.5,2021,Удмуртская
-6.8,2021,Чувашская
-5.1,2021,Пермский
-10.5,2021,Кировская
-10.9,2021,Нижегородская
-6.1,2021,Оренбургская
-11.0,2021,Пензенская
-8.2,2021,Самарская
-10.1,2021,Саратовская
-9.4,2021,Ульяновская
-3.1,2021,
-9.0,2021,Курганская
-5.6,2021,Свердловская
4.0,2021,Ханты-Мансийский Автономный Округ - Югра
7.2,2021,Ненецкий
-0.5,2021,Тюменская
-5.1,2021,Челябинская
-5.4,2021,
1.1,2021,Алтай
11.4,2021,Тыва
-4.0,2021,Хакасия
-8.4,2021,Алтайский
-4.4,2021,Красноярский
-4.2,2021,Иркутская
-7.4,2021,Кемеровская Область-Кузбасс
-5.3,2021,Новосибирская
-6.4,2021,Омская
-5.0,2021,Томская
-3.8,2021,
-0.8,2021,Бурятия
3.0,2021,Саха /Якутия/
-3.3,2021,Забайкальский
-3.6,2021,Камчатский
-6.9,2021,Приморский
-5.0,2021,Хабаровский
-7.7,2021,Амурская
-4.5,2021,Магаданская
-3.0,2021,Саха /Якутия/
-4.8,2021,Еврейская
2.6,2021,Чукотский
-6.0,2021,
-8.0,2021,
-8.2,2021,Белгородская
-12.2,2021,Брянская
-12.7,2021,Владимирская
-9.8,2021,Воронежская
-11.3,2021,Ивановская
-10.0,2021,Калужская
-10.0,2021,Костромская
-12.4,2021,Курская
-11.2,2021,Липецкая
-6.5,2021,Московская
-12.6,2021,Орловская
-12.6,2021,Рязанская
-12.5,2021,Смоленская
-12.5,2021,Тамбовская
-13.5,2021,Тверская
-13.3,2021,Тульская
-10.5,2021,Ярославская
-3.8,2021,Москва
-7.8,2021,
-11.1,2021,Карелия
-5.2,2021,Коми
2.1,2021,Ненецкий
-8.6,2021,Архангельская
-8.3,2021,Вологодская
-5.5,2021,Калининградская
-10.1,2021,Ленинградская
-6.8,2021,Мурманская
-13.3,2021,Новгородская
-12.6,2021,Псковская
-6.0,2021,Санкт-Петербург
-6.9,2021,
-5.1,2021,Адыгея
-2.6,2021,Калмыкия
-7.8,2021,Крым
-5.4,2021,Краснодарский
-4.0,2021,Астраханская
-8.9,2021,Волгоградская
-8.4,2021,Ростовская
-5.9,2021,Севастополь
3.8,2021,
7.9,2021,Дагестан
11.5,2021,Ингушетия
1.3,2021,Кабардино-Балкарская
-1.6,2021,Карачаево-Черкесская
-1.3,2021,Северная Осетия - Алания
13.4,2021,Чеченская
-4.3,2021,Ставропольский
-7.2,2021,
-4.6,2021,Башкортостан
-6.2,2021,Марий Эл
-10.5,2021,Мордовия
-3.2,2021,Татарстан
-4.5,2021,Удмуртская
-6.9,2021,Чувашская
-5.3,2021,Пермский
-10.5,2021,Кировская
-11.0,2021,Нижегородская
-6.3,2021,Оренбургская
-11.3,2021,Пензенская
-7.8,2021,Самарская
-10.2,2021,Саратовская
-9.4,2021,Ульяновская
-3.3,2021,
-9.2,2021,Курганская
-5.9,2021,Свердловская
4.0,2021,Ханты-Мансийский Автономный Округ - Югра
7.0,2021,Ненецкий
-0.7,2021,Тюменская
-5.2,2021,Челябинская
-6.2,2021,
0.3,2021,Алтай
11.0,2021,Тыва
-4.5,2021,Хакасия
-8.9,2021,Алтайский
-5.2,2021,Красноярский
-5.5,2021,Иркутская
-8.4,2021,Кемеровская Область-Кузбасс
-6.5,2021,Новосибирская
-6.7,2021,Омская
-5.2,2021,Томская
-4.2,2021,
-1.9,2021,Бурятия
3.0,2021,Саха /Якутия/
-3.6,2021,Забайкальский
-4.2,2021,Камчатский
-7.3,2021,Приморский
-5.3,2021,Хабаровский
-7.5,2021,Амурская
-5.2,2021,Магаданская
-3.8,2021,Саха /Якутия/
-5.4,2021,Еврейская
1.9,2021,Чукотский
-6.1,2021,
-7.8,2021,
-8.0,2021,Белгородская
-12.0,2021,Брянская
-12.7,2021,Владимирская
-9.7,2021,Воронежская
-11.1,2021,Ивановская
-9.8,2021,Калужская
-10.0,2021,Костромская
-12.0,2021,Курская
-11.2,2021,Липецкая
-6.3,2021,Московская
-12.2,2021,Орловская
-12.6,2021,Рязанская
-12.2,2021,Смоленская
-12.3,2021,Тамбовская
-13.2,2021,Тверская
-13.1,2021,Тульская
-10.4,2021,Ярославская
-3.4,2021,Москва
-7.6,2021,
-10.9,2021,Карелия
-5.9,2021,Коми
1.6,2021,Ненецкий
-8.8,2021,Архангельская
-8.1,2021,Вологодская
-5.5,2021,Калининградская
-10.1,2021,Ленинградская
-7.1,2021,Мурманская
-13.1,2021,Новгородская
-12.3,2021,Псковская
-5.7,2021,Санкт-Петербург
-7.1,2021,
-5.1,2021,Адыгея
-3.3,2021,Калмыкия
-7.9,2021,Крым
-5.7,2021,Краснодарский
-4.9,2021,Астраханская
-9.6,2021,Волгоградская
-8.5,2021,Ростовская
-5.8,2021,Севастополь
3.9,2021,
7.9,2021,Дагестан
11.9,2021,Ингушетия
1.6,2021,Кабардино-Балкарская
-1.5,2021,Карачаево-Черкесская
-1.2,2021,Северная Осетия - Алания
13.8,2021,Чеченская
-4.6,2021,Ставропольский
-7.3,2021,
-5.0,2021,Башкортостан
-6.4,2021,Марий Эл
-10.2,2021,Мордовия
-3.4,2021,Татарстан
-4.7,2021,Удмуртская
-7.0,2021,Чувашская
-5.9,2021,Пермский
-10.6,2021,Кировская
-10.8,2021,Нижегородская
-6.8,2021,Оренбургская
-11.3,2021,Пензенская
-7.9,2021,Самарская
-10.4,2021,Саратовская
-9.5,2021,Ульяновская
-3.9,2021,
-9.7,2021,Курганская
-6.5,2021,Свердловская
3.7,2021,Ханты-Мансийский Автономный Округ - Югра
6.5,2021,Ненецкий
-1.3,2021,Тюменская
-5.6,2021,Челябинская
-6.5,2021,
0.0,2021,Алтай
10.8,2021,Тыва
-4.7,2021,Хакасия
-9.3,2021,Алтайский
-5.6,2021,Красноярский
-5.6,2021,Иркутская
-8.9,2021,Кемеровская Область-Кузбасс
-6.6,2021,Новосибирская
-7.3,2021,Омская
-5.4,2021,Томская
-4.3,2021,
-1.7,2021,Бурятия
2.8,2021,Саха /Якутия/
-3.4,2021,Забайкальский
-4.4,2021,Камчатский
-7.7,2021,Приморский
-5.7,2021,Хабаровский
-7.5,2021,Амурская
-5.9,2021,Магаданская
-4.1,2021,Саха /Якутия/
-6.3,2021,Еврейская
0.8,2021,Чукотский
-6.2,2021,
-7.7,2021,
-8.0,2021,Белгородская
-11.8,2021,Брянская
-12.8,2021,Владимирская
-10.0,2021,Воронежская
-11.1,2021,Ивановская
-9.8,2021,Калужская
-10.5,2021,Костромская
-12.1,2021,Курская
-11.4,2021,Липецкая
-6.1,2021,Московская
-12.1,2021,Орловская
-12.7,2021,Рязанская
-12.3,2021,Смоленская
-12.2,2021,Тамбовская
-13.2,2021,Тверская
-13.0,2021,Тульская
-10.6,2021,Ярославская
-3.0,2021,Москва
-7.7,2021,
-11.2,2021,Карелия
-6.4,2021,Коми
1.6,2021,Ненецкий
-9.1,2021,Архангельская
-8.3,2021,Вологодская
-5.7,2021,Калининградская
-10.0,2021,Ленинградская
-7.2,2021,Мурманская
-13.4,2021,Новгородская
-12.5,2021,Псковская
-5.6,2021,Санкт-Петербург
-7.3,2021,
-5.2,2021,Адыгея
-3.6,2021,Калмыкия
-8.0,2021,Крым
-5.9,2021,Краснодарский
-5.2,2021,Астраханская
-9.9,2021,Волгоградская
-8.8,2021,Ростовская
-5.8,2021,Севастополь
4.0,2021,
8.0,2021,Дагестан
11.9,2021,Ингушетия
1.7,2021,Кабардино-Балкарская
-1.5,2021,Карачаево-Черкесская
-1.3,2021,Северная Осетия - Алания
14.2,2021,Чеченская
-4.5,2021,Ставропольский
-7.6,2021,
-5.5,2021,Башкортостан
-6.3,2021,Марий Эл
-10.6,2021,Мордовия
-3.7,2021,Татарстан
-5.0,2021,Удмуртская
-7.1,2021,Чувашская
-6.3,2021,Пермский
-10.7,2021,Кировская
-10.7,2021,Нижегородская
-7.6,2021,Оренбургская
-11.4,2021,Пензенская
-8.1,2021,Самарская
-10.6,2021,Саратовская
-9.6,2021,Ульяновская
-4.0,2021,
-9.9,2021,Курганская
-6.7,2021,Свердловская
3.7,2021,Ханты-Мансийский Автономный Округ - Югра
6.5,2021,Ненецкий
-1.4,2021,Тюменская
-6.1,2021,Челябинская
-6.6,2021,
0.2,2021,Алтай
11.1,2021,Тыва
-4.8,2021,Хакасия
-9.5,2021,Алтайский
-5.7,2021,Красноярский
-5.6,2021,Иркутская
-8.9,2021,Кемеровская Область-Кузбасс
-6.5,2021,Новосибирская
-7.4,2021,Омская
-5.6,2021,Томская
-4.3,2021,
-1.4,2021,Бурятия
2.7,2021,Саха /Якутия/
-3.4,2021,Забайкальский
-4.4,2021,Камчатский
-7.5,2021,Приморский
-5.7,2021,Хабаровский
-7.5,2021,Амурская
-5.9,2021,Магаданская
-4.2,2021,Саха /Якутия/
-6.6,2021,Еврейская
0.2,2021,Чукотский
-6.6,2021,
-8.1,2021,
-9.1,2021,Белгородская
-12.0,2021,Брянская
-13.4,2021,Владимирская
-11.4,2021,Воронежская
-12.1,2021,Ивановская
-10.3,2021,Калужская
-11.6,2021,Костромская
-12.5,2021,Курская
-12.4,2021,Липецкая
-6.3,2021,Московская
-12.3,2021,Орловская
-13.6,2021,Рязанская
-12.8,2021,Смоленская
-12.8,2021,Тамбовская
-13.4,2021,Тверская
-13.2,2021,Тульская
-11.3,2021,Ярославская
-3.1,2021,Москва
-7.8,2021,
-11.5,2021,Карелия
-6.7,2021,Коми
0.9,2021,Ненецкий
-9.6,2021,Архангельская
-8.6,2021,Вологодская
-6.1,2021,Калининградская
-9.9,2021,Ленинградская
-7.4,2021,Мурманская
-14.0,2021,Новгородская
-13.0,2021,Псковская
-5.5,2021,Санкт-Петербург
-7.8,2021,
-5.2,2021,Адыгея
-3.4,2021,Калмыкия
-8.7,2021,Крым
-6.2,2021,Краснодарский
-5.2,2021,Астраханская
-10.6,2021,Волгоградская
-9.4,2021,Ростовская
-6.2,2021,Севастополь
3.9,2021,
8.0,2021,Дагестан
12.3,2021,Ингушетия
1.7,2021,Кабардино-Балкарская
-1.8,2021,Карачаево-Черкесская
-1.4,2021,Северная Осетия - Алания
14.2,2021,Чеченская
-4.9,2021,Ставропольский
-8.5,2021,
-6.6,2021,Башкортостан
-6.6,2021,Марий Эл
-11.2,2021,Мордовия
-4.8,2021,Татарстан
-5.9,2021,Удмуртская
-7.8,2021,Чувашская
-7.1,2021,Пермский
-10.8,2021,Кировская
-11.2,2021,Нижегородская
-9.2,2021,Оренбургская
-12.2,2021,Пензенская
-9.0,2021,Самарская
-11.6,2021,Саратовская
-10.6,2021,Ульяновская
-4.6,2021,
-10.9,2021,Курганская
-7.3,2021,Свердловская
3.5,2021,Ханты-Мансийский Автономный Округ - Югра
6.4,2021,Ненецкий
-1.5,2021,Тюменская
-6.9,2021,Челябинская
-6.7,2021,
0.2,2021,Алтай
11.0,2021,Тыва
-5.1,2021,Хакасия
-9.9,2021,Алтайский
-5.7,2021,Красноярский
-5.7,2021,Иркутская
-9.2,2021,Кемеровская Область-Кузбасс
-6.4,2021,Новосибирская
-7.9,2021,Омская
-5.8,2021,Томская
-4.3,2021,
-1.1,2021,Бурятия
2.3,2021,Саха /Якутия/
-3.6,2021,Забайкальский
-4.5,2021,Камчатский
-7.3,2021,Приморский
-5.7,2021,Хабаровский
-7.8,2021,Амурская
-6.0,2021,Магаданская
-4.2,2021,Саха /Якутия/
-7.2,2021,Еврейская
0.3,2021,Чукотский
-7.1,2021,
-8.5,2021,
-10.2,2021,Белгородская
-12.6,2021,Брянская
-14.2,2021,Владимирская
-12.3,2021,Воронежская
-12.9,2021,Ивановская
-11.0,2021,Калужская
-12.3,2021,Костромская
-13.1,2021,Курская
-13.1,2021,Липецкая
-6.7,2021,Московская
-13.2,2021,Орловская
-14.6,2021,Рязанская
-13.6,2021,Смоленская
-13.6,2021,Тамбовская
-13.7,2021,Тверская
-13.9,2021,Тульская
-12.0,2021,Ярославская
-3.3,2021,Москва
-8.2,2021,
-12.1,2021,Карелия
-7.0,2021,Коми
0.4,2021,Ненецкий
-9.8,2021,Архангельская
-9.1,2021,Вологодская
-6.9,2021,Калининградская
-10.1,2021,Ленинградская
-7.5,2021,Мурманская
-14.4,2021,Новгородская
-13.4,2021,Псковская
-5.7,2021,Санкт-Петербург
-8.3,2021,
-5.8,2021,Адыгея
-3.6,2021,Калмыкия
-9.3,2021,Крым
-6.5,2021,Краснодарский
-5.4,2021,Астраханская
-11.2,2021,Волгоградская
-10.1,2021,Ростовская
-6.8,2021,Севастополь
3.6,2021,
7.9,2021,Дагестан
12.1,2021,Ингушетия
1.5,2021,Кабардино-Балкарская
-2.2,2021,Карачаево-Черкесская
-2.1,2021,Северная Осетия - Алания
14.5,2021,Чеченская
-5.5,2021,Ставропольский
-9.0,2021,
-6.9,2021,Башкортостан
-7.1,2021,Марий Эл
-11.9,2021,Мордовия
-5.2,2021,Татарстан
-6.2,2021,Удмуртская
-8.0,2021,Чувашская
-7.5,2021,Пермский
-11.3,2021,Кировская
-11.7,2021,Нижегородская
-9.8,2021,Оренбургская
-12.8,2021,Пензенская
-9.6,2021,Самарская
-12.9,2021,Саратовская
-11.4,2021,Ульяновская
-5.2,2021,
-11.7,2021,Курганская
-7.9,2021,Свердловская
3.1,2021,Ханты-Мансийский Автономный Округ - Югра
6.3,2021,Ненецкий
-1.9,2021,Тюменская
-7.8,2021,Челябинская
-7.2,2021,
0.1,2021,Алтай
10.8,2021,Тыва
-5.8,2021,Хакасия
-10.6,2021,Алтайский
-6.1,2021,Красноярский
-6.3,2021,Иркутская
-9.6,2021,Кемеровская Область-Кузбасс
-6.6,2021,Новосибирская
-8.5,2021,Омская
-6.5,2021,Томская
-4.7,2021,
-1.3,2021,Бурятия
1.7,2021,Саха /Якутия/
-4.1,2021,Забайкальский
-4.7,2021,Камчатский
-7.5,2021,Приморский
-6.2,2021,Хабаровский
-8.5,2021,Амурская
-6.2,2021,Магаданская
-4.3,2021,Саха /Якутия/
-7.7,2021,Еврейская
-0.1,2021,Чукотский
-7.2,2021,
-8.5,2021,
-10.3,2021,Белгородская
-12.6,2021,Брянская
-14.2,2021,Владимирская
-12.2,2021,Воронежская
-13.0,2021,Ивановская
-10.9,2021,Калужская
-12.3,2021,Костромская
-13.3,2021,Курская
-13.1,2021,Липецкая
-6.8,2021,Московская
-13.4,2021,Орловская
-14.6,2021,Рязанская
-13.9,2021,Смоленская
-13.7,2021,Тамбовская
-13.9,2021,Тверская
-14.3,2021,Тульская
-12.0,2021,Ярославская
-3.3,2021,Москва
-8.3,2021,
-12.1,2021,Карелия
-7.2,2021,Коми
0.5,2021,Ненецкий
-10.0,2021,Архангельская
-9.3,2021,Вологодская
-6.9,2021,Калининградская
-10.2,2021,Ленинградская
-7.5,2021,Мурманская
-14.5,2021,Новгородская
-13.6,2021,Псковская
-5.8,2021,Санкт-Петербург
-8.4,2021,
-6.0,2021,Адыгея
-3.7,2021,Калмыкия
-9.3,2021,Крым
-6.7,2021,Краснодарский
-5.5,2021,Астраханская
-11.0,2021,Волгоградская
-10.2,2021,Ростовская
-6.7,2021,Севастополь
3.5,2021,
7.8,2021,Дагестан
12.1,2021,Ингушетия
1.2,2021,Кабардино-Балкарская
-2.6,2021,Карачаево-Черкесская
-2.4,2021,Северная Осетия - Алания
14.2,2021,Чеченская
-5.6,2021,Ставропольский
-8.9,2021,
-6.8,2021,Башкортостан
-7.2,2021,Марий Эл
-12.1,2021,Мордовия
-5.0,2021,Татарстан
-6.0,2021,Удмуртская
-7.8,2021,Чувашская
-7.4,2021,Пермский
-11.4,2021,Кировская
-11.6,2021,Нижегородская
-9.5,2021,Оренбургская
-12.6,2021,Пензенская
-9.6,2021,Самарская
-12.9,2021,Саратовская
-11.3,2021,Ульяновская
-5.2,2021,
-11.5,2021,Курганская
-7.9,2021,Свердловская
3.2,2021,Ханты-Мансийский Автономный Округ - Югра
6.4,2021,Ненецкий
-1.9,2021,Тюменская
-8.0,2021,Челябинская
-7.4,2021,
0.0,2021,Алтай
10.9,2021,Тыва
-6.1,2021,Хакасия
-10.8,2021,Алтайский
-6.5,2021,Красноярский
-6.6,2021,Иркутская
-9.9,2021,Кемеровская Область-Кузбасс
-6.8,2021,Новосибирская
-8.6,2021,Омская
-6.6,2021,Томская
-5.0,2021,
-1.4,2021,Бурятия
1.7,2021,Саха /Якутия/
-4.3,2021,Забайкальский
-4.5,2021,Камчатский
-7.8,2021,Приморский
-6.7,2021,Хабаровский
-9.0,2021,Амурская
-6.4,2021,Магаданская
-4.5,2021,Саха /Якутия/
-8.0,2021,Еврейская
-0.4,2021,Чукотский
-7.6,2022,
-9.5,2022,
-8.9,2022,Белгородская
-12.0,2022,Брянская
-15.5,2022,Владимирская
-10.6,2022,Воронежская
-13.5,2022,Ивановская
-11.2,2022,Калужская
-11.9,2022,Костромская
-14.3,2022,Курская
-11.2,2022,Липецкая
-8.4,2022,Московская
-14.9,2022,Орловская
-13.9,2022,Рязанская
-15.0,2022,Смоленская
-15.1,2022,Тамбовская
-16.5,2022,Тверская
-16.6,2022,Тульская
-13.5,2022,Ярославская
-4.7,2022,Москва
-9.2,2022,
-14.1,2022,Карелия
-7.7,2022,Коми
2.2,2022,Ненецкий
-11.5,2022,Архангельская
-9.8,2022,Вологодская
-7.5,2022,Калининградская
-11.5,2022,Ленинградская
-7.7,2022,Мурманская
-15.0,2022,Новгородская
-14.3,2022,Псковская
-6.9,2022,Санкт-Петербург
-8.5,2022,
-7.8,2022,Адыгея
-3.0,2022,Калмыкия
-9.7,2022,Крым
-7.5,2022,Краснодарский
-6.0,2022,Астраханская
-9.3,2022,Волгоградская
-10.1,2022,Ростовская
-7.6,2022,Севастополь
2.0,2022,
6.2,2022,Дагестан
9.4,2022,Ингушетия
-1.1,2022,Кабардино-Балкарская
-4.3,2022,Карачаево-Черкесская
-5.6,2022,Северная Осетия - Алания
14.1,2022,Чеченская
-6.9,2022,Ставропольский
-8.2,2022,
-5.5,2022,Башкортостан
-7.5,2022,Марий Эл
-10.4,2022,Мордовия
-4.8,2022,Татарстан
-5.3,2022,Удмуртская
-7.5,2022,Чувашская
-7.7,2022,Пермский
-11.9,2022,Кировская
-12.0,2022,Нижегородская
-6.7,2022,Оренбургская
-11.4,2022,Пензенская
-9.4,2022,Самарская
-10.4,2022,Саратовская
-9.9,2022,Ульяновская
-4.5,2022,
-9.1,2022,Курганская
-7.2,2022,Свердловская
2.6,2022,Ханты-Мансийский Автономный Округ - Югра
5.8,2022,Ненецкий
-2.1,2022,Тюменская
-6.6,2022,Челябинская
-8.3,2022,
3.0,2022,Алтай
8.1,2022,Тыва
-8.2,2022,Хакасия
-10.0,2022,Алтайский
-8.2,2022,Красноярский
-7.6,2022,Иркутская
-10.7,2022,Кемеровская Область-Кузбасс
-8.3,2022,Новосибирская
-8.8,2022,Омская
-6.3,2022,Томская
-6.6,2022,
-4.2,2022,Бурятия
0.6,2022,Саха /Якутия/
-4.5,2022,Забайкальский
-4.4,2022,Камчатский
-10.9,2022,Приморский
-8.4,2022,Хабаровский
-8.6,2022,Амурская
-5.4,2022,Магаданская
-8.1,2022,Саха /Якутия/
-9.1,2022,Еврейская
-0.7,2022,Чукотский
-7.4,2022,
-8.8,2022,
-9.9,2022,Белгородская
-12.6,2022,Брянская
-15.0,2022,Владимирская
-10.8,2022,Воронежская
-13.5,2022,Ивановская
-10.7,2022,Калужская
-11.7,2022,Костромская
-14.5,2022,Курская
-11.6,2022,Липецкая
-7.2,2022,Московская
-15.3,2022,Орловская
-13.4,2022,Рязанская
-14.8,2022,Смоленская
-14.6,2022,Тамбовская
-15.6,2022,Тверская
-15.8,2022,Тульская
-12.5,2022,Ярославская
-3.6,2022,Москва
-8.7,2022,
-14.1,2022,Карелия
-7.8,2022,Коми
2.3,2022,Ненецкий
-11.5,2022,Архангельская
-9.6,2022,Вологодская
-7.2,2022,Калининградская
-11.0,2022,Ленинградская
-7.1,2022,Мурманская
-13.9,2022,Новгородская
-14.6,2022,Псковская
-6.1,2022,Санкт-Петербург
-8.9,2022,
-9.4,2022,Адыгея
-3.3,2022,Калмыкия
-10.2,2022,Крым
-7.8,2022,Краснодарский
-4.9,2022,Астраханская
-9.5,2022,Волгоградская
-10.5,2022,Ростовская
-6.9,2022,Севастополь
2.1,2022,
6.4,2022,Дагестан
10.4,2022,Ингушетия
-1.3,2022,Кабардино-Балкарская
-4.3,2022,Карачаево-Черкесская
-5.1,2022,Северная Осетия - Алания
14.4,2022,Чеченская
-7.0,2022,Ставропольский
-8.1,2022,
-5.3,2022,Башкортостан
-6.5,2022,Марий Эл
-11.6,2022,Мордовия
-4.3,2022,Татарстан
-5.6,2022,Удмуртская
-7.4,2022,Чувашская
-7.3,2022,Пермский
-12.5,2022,Кировская
-11.3,2022,Нижегородская
-7.3,2022,Оренбургская
-11.6,2022,Пензенская
-9.3,2022,Самарская
-10.8,2022,Саратовская
-10.3,2022,Ульяновская
-4.6,2022,
-10.3,2022,Курганская
-7.3,2022,Свердловская
3.1,2022,Ханты-Мансийский Автономный Округ - Югра
6.4,2022,Ненецкий
-1.8,2022,Тюменская
-6.6,2022,Челябинская
-8.2,2022,
1.7,2022,Алтай
9.0,2022,Тыва
-8.7,2022,Хакасия
-11.1,2022,Алтайский
-8.2,2022,Красноярский
-7.7,2022,Иркутская
-10.3,2022,Кемеровская Область-Кузбасс
-7.7,2022,Новосибирская
-8.7,2022,Омская
-6.0,2022,Томская
-6.7,2022,
-4.2,2022,Бурятия
1.1,2022,Саха /Якутия/
-5.1,2022,Забайкальский
-4.2,2022,Камчатский
-11.2,2022,Приморский
-8.5,2022,Хабаровский
-8.8,2022,Амурская
-5.6,2022,Магаданская
-7.6,2022,Саха /Якутия/
-9.5,2022,Еврейская
0.9,2022,Чукотский
-6.5,2022,
-7.8,2022,
-9.3,2022,Белгородская
-11.7,2022,Брянская
-13.4,2022,Владимирская
-10.2,2022,Воронежская
-12.2,2022,Ивановская
-9.5,2022,Калужская
-10.7,2022,Костромская
-12.9,2022,Курская
-10.9,2022,Липецкая
-6.2,2022,Московская
-13.8,2022,Орловская
-12.1,2022,Рязанская
-13.6,2022,Смоленская
-13.3,2022,Тамбовская
-14.0,2022,Тверская
-14.2,2022,Тульская
-11.4,2022,Ярославская
-2.5,2022,Москва
-7.6,2022,
-12.7,2022,Карелия
-7.0,2022,Коми
-9.9,2022,Архангельская
-8.7,2022,Вологодская
-6.5,2022,Калининградская
-9.9,2022,Ленинградская
-6.2,2022,Мурманская
-12.4,2022,Новгородская
-13.6,2022,Псковская
-5.0,2022,Санкт-Петербург
-8.1,2022,
-3.1,2022,Калмыкия
-9.3,2022,Крым
-7.3,2022,Краснодарский
-4.5,2022,Астраханская
-8.8,2022,Волгоградская
-9.7,2022,Ростовская
-6.5,2022,Севастополь
2.4,2022,
9.8,2022,Ингушетия
-0.6,2022,Кабардино-Балкарская
-3.5,2022,Карачаево-Черкесская
-4.3,2022,Северная Осетия - Алания
14.0,2022,Чеченская
-6.1,2022,Ставропольский
-7.4,2022,
-4.4,2022,Башкортостан
-5.9,2022,Марий Эл
-3.7,2022,Татарстан
-5.0,2022,Удмуртская
-6.6,2022,Чувашская
-6.5,2022,Пермский
-11.3,2022,Кировская
-10.3,2022,Нижегородская
-6.8,2022,Оренбургская
-11.1,2022,Пензенская
-8.5,2022,Самарская
-10.0,2022,Саратовская
-9.7,2022,Ульяновская
-4.0,2022,
-9.8,2022,Курганская
-6.5,2022,Свердловская
3.6,2022,Ханты-Мансийский Автономный Округ - Югра
6.7,2022,Ненецкий
-1.4,2022,Тюменская
-6.1,2022,Челябинская
1.7,2022,Алтай
8.7,2022,Тыва
-7.0,2022,Хакасия
-10.0,2022,Алтайский
-7.4,2022,Красноярский
-6.6,2022,Иркутская
-9.3,2022,Кемеровская Область-Кузбасс
-6.5,2022,Новосибирская
-7.7,2022,Омская
-5.7,2022,
-3.1,2022,Бурятия
1.8,2022,Саха /Якутия/
-4.3,2022,Забайкальский
-3.6,2022,Камчатский
-9.9,2022,Приморский
-7.3,2022,Хабаровский
-8.0,2022,Амурская
0.6,2022,Ненецкий
-8.2,2022,Адыгея
6.5,2022,Дагестан
-10.8,2022,Мордовия
-7.2,2022,
-6.3,2022,Саха /Якутия/
-8.9,2022,Еврейская
0.2,2022,Чукотский
-5.3,2022,Томская
-5.1,2022,Магаданская
-5.9,2022,
-7.0,2022,
-8.7,2022,Белгородская
-10.9,2022,Брянская
-11.5,2022,Владимирская
-9.7,2022,Воронежская
-11.4,2022,Ивановская
-8.8,2022,Калужская
-10.0,2022,Костромская
-12.0,2022,Курская
-10.2,2022,Липецкая
-5.4,2022,Московская
-12.9,2022,Орловская
-11.5,2022,Рязанская
-12.6,2022,Смоленская
-12.5,2022,Тамбовская
-13.0,2022,Тверская
-10.6,2022,Ярославская
-2.0,2022,Москва
-7.0,2022,
-11.7,2022,Карелия
-6.4,2022,Коми
0.4,2022,Ненецкий
-9.0,2022,Архангельская
-8.0,2022,Вологодская
-6.0,2022,Калининградская
-5.4,2022,Мурманская
-11.7,2022,Новгородская
-12.8,2022,Псковская
-4.4,2022,Санкт-Петербург
-7.6,2022,
-7.2,2022,Адыгея
-3.0,2022,Калмыкия
-8.7,2022,Крым
-6.8,2022,Краснодарский
-4.2,2022,Астраханская
-8.4,2022,Волгоградская
-9.1,2022,Ростовская
-6.2,2022,Севастополь
2.9,2022,
6.7,2022,Дагестан
10.7,2022,Ингушетия
0.0,2022,Кабардино-Балкарская
-2.6,2022,Карачаево-Черкесская
13.9,2022,Чеченская
-5.4,2022,Ставропольский
-6.8,2022,
-4.1,2022,Башкортостан
-5.4,2022,Марий Эл
-10.4,2022,Мордовия
-3.3,2022,Татарстан
-4.7,2022,Удмуртская
-5.9,2022,Чувашская
-10.5,2022,Кировская
-9.7,2022,Нижегородская
-6.3,2022,Оренбургская
-10.7,2022,Пензенская
-8.0,2022,Самарская
-9.5,2022,Саратовская
-9.3,2022,Ульяновская
-3.5,2022,
-5.8,2022,Свердловская
3.8,2022,Ханты-Мансийский Автономный Округ - Югра
6.9,2022,Ненецкий
-0.9,2022,Тюменская
-5.6,2022,Челябинская
-6.5,2022,
1.6,2022,Алтай
8.8,2022,Тыва
-6.3,2022,Хакасия
-6.5,2022,Красноярский
-5.6,2022,Иркутская
-8.7,2022,Кемеровская Область-Кузбасс
-5.8,2022,Новосибирская
-7.1,2022,Омская
-4.7,2022,Томская
-5.1,2022,
-2.5,2022,Бурятия
2.1,2022,Саха /Якутия/
-13.4,2022,Тульская
-3.8,2022,Забайкальский
-3.2,2022,Камчатский
-8.9,2022,Приморский
-6.8,2022,Хабаровский
-7.5,2022,Амурская
-5.0,2022,Магаданская
-5.5,2022,Саха /Якутия/
-8.3,2022,Еврейская
0.2,2022,Чукотский
-9.4,2022,Ленинградская
-3.0,2022,Северная Осетия - Алания
-5.9,2022,Пермский
-9.2,2022,Курганская
-9.2,2022,Алтайский
